t_mono,t_wall,raw,theta,display_asleep
0.0013,0.0013,117,117.00,0
0.0356,0.0356,117,117.00,0
0.0424,0.0424,117,117.00,0
0.0493,0.0493,117,117.00,0
0.0553,0.0553,117,117.00,0
0.0623,0.0623,117,117.00,0
0.0692,0.0692,117,117.00,0
0.0753,0.0753,117,117.00,0
0.0824,0.0824,117,117.00,0
0.0883,0.0883,117,117.00,0
0.0954,0.0954,117,117.00,0
0.1022,0.1022,117,117.00,0
0.1092,0.1092,117,117.00,0
0.1163,0.1163,117,117.00,0
0.1232,0.1232,117,117.00,0
0.1303,0.1303,117,117.00,0
0.1401,0.1401,117,117.00,0
0.1474,0.1474,117,117.00,0
0.1543,0.1543,117,117.00,0
0.1613,0.1613,117,117.00,0
0.1684,0.1684,117,117.00,0
0.1753,0.1753,117,117.00,0
0.1823,0.1822,117,117.00,0
0.1883,0.1883,117,117.00,0
0.1954,0.1954,117,117.00,0
0.2023,0.2023,117,117.00,0
0.2093,0.2093,117,117.00,0
0.2163,0.2163,117,117.00,0
0.2233,0.2233,117,117.00,0
0.2303,0.2303,117,117.00,0
0.2413,0.2413,117,117.00,0
0.2482,0.2482,117,117.00,0
0.2555,0.2555,117,117.00,0
0.2623,0.2623,117,117.00,0
0.2693,0.2693,117,117.00,0
0.2763,0.2763,117,117.00,0
0.2825,0.2825,117,117.00,0
0.2884,0.2884,117,117.00,0
0.2953,0.2953,117,117.00,0
0.3023,0.3023,117,117.00,0
0.3093,0.3093,117,117.00,0
0.3163,0.3163,117,117.00,0
0.3236,0.3236,117,117.00,0
0.3323,0.3323,117,117.00,0
0.3395,0.3396,117,117.00,0
0.3473,0.3473,117,117.00,0
0.3574,0.3573,117,117.00,0
0.3643,0.3643,117,117.00,0
0.3743,0.3743,117,117.00,0
0.3816,0.3816,117,117.00,0
0.3878,0.3878,117,117.00,0
0.3935,0.3935,117,117.00,0
0.4003,0.4003,117,117.00,0
0.4073,0.4073,117,117.00,0
0.4143,0.4143,117,117.00,0
0.4213,0.4213,117,117.00,0
0.4283,0.4283,117,117.00,0
0.4352,0.4352,117,117.00,0
0.4423,0.4423,117,117.00,0
0.4502,0.4502,117,117.00,0
0.4563,0.4563,117,117.00,0
0.4633,0.4633,117,117.00,0
0.4707,0.4707,117,117.00,0
0.4774,0.4774,117,117.00,0
0.4843,0.4843,117,117.00,0
0.4913,0.4913,117,117.00,0
0.4985,0.4985,117,117.00,0
0.5053,0.5053,117,117.00,0
0.5123,0.5123,117,117.00,0
0.5192,0.5192,117,117.00,0
0.5265,0.5265,117,117.00,0
0.5333,0.5333,117,117.00,0
0.5395,0.5395,117,117.00,0
0.5463,0.5463,117,117.00,0
0.5544,0.5544,117,117.00,0
0.5613,0.5613,117,117.00,0
0.5685,0.5685,117,117.00,0
0.5755,0.5755,117,117.00,0
0.5825,0.5825,117,117.00,0
0.5900,0.5900,117,117.00,0
0.5974,0.5974,117,117.00,0
0.6053,0.6053,117,117.00,0
0.6123,0.6123,117,117.00,0
0.6191,0.6191,117,117.00,0
0.6255,0.6255,117,117.00,0
0.6323,0.6323,117,117.00,0
0.6387,0.6387,117,117.00,0
0.6453,0.6453,117,117.00,0
0.6526,0.6526,117,117.00,0
0.6594,0.6594,117,117.00,0
0.6662,0.6662,117,117.00,0
0.6733,0.6733,117,117.00,0
0.6802,0.6802,117,117.00,0
0.6872,0.6872,117,117.00,0
0.6943,0.6943,117,117.00,0
0.7013,0.7013,117,117.00,0
0.7083,0.7083,117,117.00,0
0.7153,0.7153,117,117.00,0
0.7217,0.7217,117,117.00,0
0.7283,0.7283,117,117.00,0
0.7353,0.7352,117,117.00,0
0.7413,0.7413,117,117.00,0
0.7483,0.7483,117,117.00,0
0.7553,0.7553,117,117.00,0
0.7623,0.7623,117,117.00,0
0.7693,0.7693,117,117.00,0
0.7764,0.7764,117,117.00,0
0.7832,0.7832,117,117.00,0
0.7905,0.7905,117,117.00,0
0.7975,0.7975,117,117.00,0
0.8045,0.8045,117,117.00,0
0.8114,0.8114,117,117.00,0
0.8186,0.8186,117,117.00,0
0.8254,0.8254,117,117.00,0
0.8326,0.8326,117,117.00,0
0.8413,0.8413,117,117.00,0
0.8495,0.8495,117,117.00,0
0.8574,0.8574,117,117.00,0
0.8645,0.8645,117,117.00,0
0.8723,0.8723,117,117.00,0
0.8795,0.8795,117,117.00,0
0.8866,0.8866,117,117.00,0
0.8943,0.8943,117,117.00,0
0.9004,0.9004,117,117.00,0
0.9076,0.9076,117,117.00,0
0.9154,0.9154,117,117.00,0
0.9224,0.9224,117,117.00,0
0.9304,0.9304,117,117.00,0
0.9389,0.9389,117,117.00,0
0.9457,0.9457,117,117.00,0
0.9592,0.9592,117,117.00,0
0.9664,0.9664,117,117.00,0
0.9763,0.9763,117,117.00,0
0.9823,0.9823,117,117.00,0
0.9897,0.9896,117,117.00,0
0.9974,0.9974,117,117.00,0
1.0043,1.0043,117,117.00,0
1.0116,1.0116,117,117.00,0
1.0185,1.0185,117,117.00,0
1.0257,1.0257,117,117.00,0
1.0333,1.0333,117,117.00,0
1.0404,1.0404,117,117.00,0
1.0475,1.0475,117,117.00,0
1.0586,1.0586,117,117.00,0
1.0664,1.0664,117,117.00,0
1.0734,1.0734,117,117.00,0
1.0804,1.0804,117,117.00,0
1.0877,1.0877,117,117.00,0
1.0948,1.0948,117,117.00,0
1.1024,1.1024,117,117.00,0
1.1085,1.1085,117,117.00,0
1.1156,1.1156,117,117.00,0
1.1224,1.1224,117,117.00,0
1.1307,1.1307,117,117.00,0
1.1414,1.1414,117,117.00,0
1.1483,1.1483,117,117.00,0
1.1552,1.1552,117,117.00,0
1.1623,1.1623,117,117.00,0
1.1693,1.1693,117,117.00,0
1.1763,1.1763,117,117.00,0
1.1834,1.1834,117,117.00,0
1.1903,1.1903,117,117.00,0
1.1973,1.1973,117,117.00,0
1.2046,1.2046,117,117.00,0
1.2113,1.2113,117,117.00,0
1.2187,1.2187,117,117.00,0
1.2265,1.2264,117,117.00,0
1.2324,1.2324,117,117.00,0
1.2387,1.2387,117,117.00,0
1.2464,1.2464,117,117.00,0
1.2567,1.2567,117,117.00,0
1.2644,1.2644,117,117.00,0
1.2737,1.2737,117,117.00,0
1.2814,1.2814,117,117.00,0
1.2916,1.2916,117,117.00,0
1.2987,1.2987,117,117.00,0
1.3075,1.3075,117,117.00,0
1.3153,1.3153,117,117.00,0
1.3214,1.3214,117,117.00,0
1.3285,1.3285,117,117.00,0
1.3355,1.3355,117,117.00,0
1.3426,1.3426,117,117.00,0
1.3494,1.3494,117,117.00,0
1.3589,1.3589,117,117.00,0
1.3664,1.3664,117,117.00,0
1.3743,1.3743,117,117.00,0
1.3816,1.3816,117,117.00,0
1.3913,1.3913,117,117.00,0
1.3985,1.3985,117,117.00,0
1.4083,1.4083,117,117.00,0
1.4154,1.4154,117,117.00,0
1.4217,1.4217,117,117.00,0
1.4292,1.4292,117,117.00,0
1.4385,1.4385,117,117.00,0
1.4453,1.4453,117,117.00,0
1.4523,1.4523,117,117.00,0
1.4592,1.4592,117,117.00,0
1.4664,1.4664,117,117.00,0
1.4737,1.4737,117,117.00,0
1.4814,1.4814,117,117.00,0
1.4913,1.4913,117,117.00,0
1.4985,1.4985,117,117.00,0
1.5073,1.5073,117,117.00,0
1.5143,1.5143,117,117.00,0
1.5213,1.5213,117,117.00,0
1.5282,1.5282,117,117.00,0
1.5353,1.5353,117,117.00,0
1.5425,1.5425,117,117.00,0
1.5493,1.5493,117,117.00,0
1.5601,1.5601,117,117.00,0
1.5665,1.5665,117,117.00,0
1.5734,1.5734,117,117.00,0
1.5802,1.5802,117,117.00,0
1.5893,1.5893,117,117.00,0
1.5964,1.5964,117,117.00,0
1.6064,1.6064,117,117.00,0
1.6133,1.6133,117,117.00,0
1.6213,1.6213,117,117.00,0
1.6283,1.6283,117,117.00,0
1.6354,1.6354,117,117.00,0
1.6422,1.6422,117,117.00,0
1.6493,1.6493,117,117.00,0
1.6563,1.6563,117,117.00,0
1.6633,1.6633,117,117.00,0
1.6714,1.6714,117,117.00,0
1.6792,1.6792,117,117.00,0
1.6885,1.6885,117,117.00,0
1.6986,1.6986,117,117.00,0
1.7077,1.7077,117,117.00,0
1.7154,1.7154,117,117.00,0
1.7264,1.7264,117,117.00,0
1.7334,1.7334,117,117.00,0
1.7403,1.7403,117,117.00,0
1.7476,1.7476,117,117.00,0
1.7553,1.7553,117,117.00,0
1.7625,1.7625,117,117.00,0
1.7714,1.7714,117,117.00,0
1.7787,1.7787,117,117.00,0
1.7857,1.7857,117,117.00,0
1.7934,1.7934,117,117.00,0
1.8006,1.8006,117,117.00,0
1.8073,1.8073,117,117.00,0
1.8143,1.8143,117,117.00,0
1.8217,1.8217,117,117.00,0
1.8294,1.8294,117,117.00,0
1.8376,1.8376,117,117.00,0
1.8445,1.8444,117,117.00,0
1.8512,1.8512,117,117.00,0
1.8585,1.8585,117,117.00,0
1.8654,1.8654,117,117.00,0
1.8722,1.8722,117,117.00,0
1.8791,1.8791,117,117.00,0
1.8933,1.8933,117,117.00,0
1.8996,1.8996,117,117.00,0
1.9065,1.9064,117,117.00,0
1.9134,1.9134,117,117.00,0
1.9203,1.9203,117,117.00,0
1.9273,1.9273,117,117.00,0
1.9333,1.9333,117,117.00,0
1.9403,1.9403,117,117.00,0
1.9473,1.9473,117,117.00,0
1.9543,1.9543,117,117.00,0
1.9613,1.9612,117,117.00,0
1.9684,1.9684,117,117.00,0
1.9755,1.9755,117,117.00,0
1.9823,1.9823,117,117.00,0
1.9903,1.9903,117,117.00,0
1.9977,1.9977,117,117.00,0
2.0074,2.0074,117,117.00,0
2.0154,2.0154,117,117.00,0
2.0223,2.0223,117,117.00,0
2.0294,2.0294,117,117.00,0
2.0386,2.0386,117,117.00,0
2.0464,2.0464,117,117.00,0
2.0547,2.0547,117,117.00,0
2.0624,2.0624,117,117.00,0
2.0714,2.0714,117,117.00,0
2.0786,2.0786,117,117.00,0
2.0858,2.0858,117,117.00,0
2.0933,2.0933,117,117.00,0
2.1006,2.1006,117,117.00,0
2.1104,2.1104,117,117.00,0
2.1187,2.1187,117,117.00,0
2.1266,2.1266,117,117.00,0
2.1337,2.1337,117,117.00,0
2.1413,2.1413,117,117.00,0
2.1485,2.1485,117,117.00,0
2.1555,2.1554,117,117.00,0
2.1627,2.1627,117,117.00,0
2.1704,2.1704,117,117.00,0
2.1774,2.1773,117,117.00,0
2.1845,2.1844,117,117.00,0
2.1916,2.1915,117,117.00,0
2.1994,2.1993,117,117.00,0
2.2076,2.2076,117,117.00,0
2.2154,2.2154,117,117.00,0
2.2244,2.2244,117,117.00,0
2.2317,2.2317,117,117.00,0
2.2392,2.2392,117,117.00,0
2.2464,2.2464,117,117.00,0
2.2543,2.2543,117,117.00,0
2.2617,2.2617,117,117.00,0
2.2694,2.2694,117,117.00,0
2.2767,2.2767,117,117.00,0
2.2835,2.2835,117,117.00,0
2.2913,2.2913,117,117.00,0
2.2986,2.2986,117,117.00,0
2.3055,2.3055,117,117.00,0
2.3145,2.3145,117,117.00,0
2.3248,2.3247,117,117.00,0
2.3324,2.3324,117,117.00,0
2.3396,2.3396,117,117.00,0
2.3463,2.3463,117,117.00,0
2.3544,2.3544,117,117.00,0
2.3618,2.3617,117,117.00,0
2.3694,2.3694,117,117.00,0
2.3773,2.3773,117,117.00,0
2.3835,2.3835,117,117.00,0
2.3907,2.3907,117,117.00,0
2.3975,2.3975,117,117.00,0
2.4056,2.4056,117,117.00,0
2.4133,2.4133,117,117.00,0
2.4275,2.4275,117,117.00,0
2.4354,2.4354,117,117.00,0
2.4444,2.4444,117,117.00,0
2.4517,2.4517,117,117.00,0
2.4577,2.4577,117,117.00,0
2.4654,2.4653,117,117.00,0
2.4725,2.4725,117,117.00,0
2.4792,2.4792,117,117.00,0
2.4885,2.4884,117,117.00,0
2.4958,2.4958,117,117.00,0
2.5043,2.5043,117,117.00,0
2.5115,2.5115,117,117.00,0
2.5187,2.5187,117,117.00,0
2.5263,2.5263,117,117.00,0
2.5333,2.5333,117,117.00,0
2.5413,2.5413,117,117.00,0
2.5486,2.5486,117,117.00,0
2.5592,2.5592,117,117.00,0
2.5656,2.5656,117,117.00,0
2.5734,2.5733,117,117.00,0
2.5805,2.5805,117,117.00,0
2.5876,2.5876,117,117.00,0
2.5945,2.5945,117,117.00,0
2.6017,2.6017,117,117.00,0
2.6094,2.6093,117,117.00,0
2.6165,2.6165,117,117.00,0
2.6244,2.6244,117,117.00,0
2.6316,2.6316,117,117.00,0
2.6444,2.6444,117,117.00,0
2.6514,2.6514,117,117.00,0
2.6586,2.6586,117,117.00,0
2.6658,2.6657,117,117.00,0
2.6734,2.6734,117,117.00,0
2.6813,2.6813,117,117.00,0
2.6885,2.6885,117,117.00,0
2.6955,2.6954,117,117.00,0
2.7026,2.7026,117,117.00,0
2.7097,2.7097,117,117.00,0
2.7165,2.7165,117,117.00,0
2.7254,2.7254,117,117.00,0
2.7327,2.7327,117,117.00,0
2.7405,2.7405,117,117.00,0
2.7477,2.7477,117,117.00,0
2.7553,2.7553,117,117.00,0
2.7626,2.7625,117,117.00,0
2.7715,2.7715,117,117.00,0
2.7792,2.7792,117,117.00,0
2.7876,2.7876,117,117.00,0
2.7954,2.7954,117,117.00,0
2.8027,2.8027,117,117.00,0
2.8106,2.8105,117,117.00,0
2.8174,2.8174,117,117.00,0
2.8243,2.8243,117,117.00,0
2.8323,2.8323,117,117.00,0
2.8414,2.8414,117,117.00,0
2.8486,2.8486,117,117.00,0
2.8603,2.8603,117,117.00,0
2.8676,2.8676,117,117.00,0
2.8744,2.8743,117,117.00,0
2.8816,2.8816,117,117.00,0
2.8886,2.8886,117,117.00,0
2.8964,2.8963,117,117.00,0
2.9046,2.9046,117,117.00,0
2.9118,2.9118,117,117.00,0
2.9192,2.9192,117,117.00,0
2.9263,2.9263,117,117.00,0
2.9327,2.9327,117,117.00,0
2.9414,2.9414,117,117.00,0
2.9486,2.9486,117,117.00,0
2.9586,2.9586,117,117.00,0
2.9654,2.9654,117,117.00,0
2.9724,2.9723,117,117.00,0
2.9795,2.9794,117,117.00,0
2.9883,2.9883,117,117.00,0
2.9955,2.9954,117,117.00,0
3.0027,3.0027,117,117.00,0
3.0096,3.0096,117,117.00,0
3.0174,3.0174,117,117.00,0
3.0255,3.0255,117,117.00,0
3.0316,3.0316,117,117.00,0
3.0414,3.0414,117,117.00,0
3.0487,3.0487,117,117.00,0
3.0574,3.0574,117,117.00,0
3.0647,3.0647,117,117.00,0
3.0724,3.0723,117,117.00,0
3.0792,3.0792,117,117.00,0
3.0884,3.0884,117,117.00,0
3.0954,3.0954,117,117.00,0
3.1024,3.1024,117,117.00,0
3.1095,3.1095,117,117.00,0
3.1167,3.1167,117,117.00,0
3.1243,3.1243,117,117.00,0
3.1315,3.1314,117,117.00,0
3.1387,3.1386,117,117.00,0
3.1464,3.1463,117,117.00,0
3.1574,3.1574,117,117.00,0
3.1647,3.1647,117,117.00,0
3.1724,3.1724,117,117.00,0
3.1797,3.1797,117,117.00,0
3.1874,3.1874,117,117.00,0
3.1945,3.1945,117,117.00,0
3.2023,3.2023,117,117.00,0
3.2095,3.2094,117,117.00,0
3.2166,3.2166,117,117.00,0
3.2243,3.2243,117,117.00,0
3.2313,3.2313,117,117.00,0
3.2386,3.2386,117,117.00,0
3.2457,3.2457,117,117.00,0
3.2596,3.2596,117,117.00,0
3.2673,3.2673,117,117.00,0
3.2767,3.2767,117,117.00,0
3.2833,3.2833,117,117.00,0
3.2908,3.2908,117,117.00,0
3.2986,3.2986,117,117.00,0
3.3054,3.3053,117,117.00,0
3.3126,3.3126,117,117.00,0
3.3214,3.3214,117,117.00,0
3.3285,3.3284,117,117.00,0
3.3357,3.3357,117,117.00,0
3.3428,3.3427,116,116.00,0
3.3494,3.3494,116,116.00,0
3.3574,3.3574,116,116.00,0
3.3653,3.3653,116,116.00,0
3.3754,3.3754,116,116.00,0
3.3826,3.3825,116,116.00,0
3.3901,3.3901,116,116.00,0
3.3975,3.3974,116,116.00,0
3.4047,3.4047,116,116.00,0
3.4125,3.4124,116,116.00,0
3.4213,3.4213,116,116.00,0
3.4286,3.4286,116,116.00,0
3.4364,3.4364,116,116.00,0
3.4444,3.4444,115,115.00,0
3.4504,3.4504,115,115.00,0
3.4585,3.4585,115,115.00,0
3.4664,3.4664,115,115.00,0
3.4787,3.4786,115,115.00,0
3.4854,3.4853,115,115.00,0
3.4927,3.4927,115,115.00,0
3.4994,3.4994,115,115.00,0
3.5066,3.5066,115,115.00,0
3.5143,3.5143,115,115.00,0
3.5214,3.5214,115,115.00,0
3.5277,3.5276,115,115.00,0
3.5355,3.5354,115,115.00,0
3.5427,3.5427,113,113.00,0
3.5504,3.5503,113,113.00,0
3.5586,3.5586,113,113.00,0
3.5663,3.5663,113,113.00,0
3.5746,3.5746,113,113.00,0
3.5825,3.5825,113,113.00,0
3.5904,3.5904,113,113.00,0
3.6012,3.6012,113,113.00,0
3.6105,3.6104,113,113.00,0
3.6175,3.6175,113,113.00,0
3.6242,3.6242,113,113.00,0
3.6303,3.6303,113,113.00,0
3.6385,3.6385,113,113.00,0
3.6454,3.6454,110,110.00,0
3.6523,3.6523,110,110.00,0
3.6585,3.6585,110,110.00,0
3.6654,3.6654,110,110.00,0
3.6743,3.6743,110,110.00,0
3.6812,3.6812,110,110.00,0
3.6937,3.6936,110,110.00,0
3.7006,3.7005,110,110.00,0
3.7074,3.7074,110,110.00,0
3.7146,3.7145,110,110.00,0
3.7217,3.7217,110,110.00,0
3.7294,3.7294,110,110.00,0
3.7375,3.7375,110,110.00,0
3.7447,3.7447,109,109.00,0
3.7513,3.7512,109,109.00,0
3.7586,3.7586,109,109.00,0
3.7665,3.7665,109,109.00,0
3.7745,3.7745,109,109.00,0
3.7823,3.7823,109,109.00,0
3.7904,3.7904,109,109.00,0
3.7973,3.7973,109,109.00,0
3.8054,3.8054,109,109.00,0
3.8126,3.8126,109,109.00,0
3.8246,3.8246,109,109.00,0
3.8323,3.8323,109,109.00,0
3.8393,3.8393,106,106.00,0
3.8470,3.8470,106,106.00,0
3.8553,3.8553,106,106.00,0
3.8625,3.8625,106,106.00,0
3.8731,3.8731,106,106.00,0
3.8807,3.8807,106,106.00,0
3.8947,3.8947,106,106.00,0
3.9013,3.9013,106,106.00,0
3.9085,3.9085,106,106.00,0
3.9153,3.9153,106,106.00,0
3.9223,3.9223,106,106.00,0
3.9294,3.9294,106,106.00,0
3.9387,3.9387,103,103.00,0
3.9465,3.9465,103,103.00,0
3.9557,3.9557,103,103.00,0
3.9636,3.9635,103,103.00,0
3.9744,3.9744,103,103.00,0
3.9823,3.9823,103,103.00,0
3.9913,3.9913,103,103.00,0
3.9992,3.9992,103,103.00,0
4.0065,4.0065,103,103.00,0
4.0152,4.0152,103,103.00,0
4.0235,4.0234,103,103.00,0
4.0314,4.0314,103,103.00,0
4.0393,4.0393,100,100.00,0
4.0476,4.0476,100,100.00,0
4.0554,4.0554,100,100.00,0
4.0633,4.0633,100,100.00,0
4.0717,4.0717,100,100.00,0
4.0792,4.0792,100,100.00,0
4.0914,4.0914,100,100.00,0
4.0988,4.0988,100,100.00,0
4.1077,4.1077,100,100.00,0
4.1154,4.1154,100,100.00,0
4.1217,4.1217,100,100.00,0
4.1285,4.1285,100,100.00,0
4.1355,4.1354,98,98.00,0
4.1427,4.1427,98,98.00,0
4.1495,4.1494,98,98.00,0
4.1567,4.1567,98,98.00,0
4.1648,4.1648,98,98.00,0
4.1726,4.1726,98,98.00,0
4.1802,4.1802,98,98.00,0
4.1917,4.1917,98,98.00,0
4.1993,4.1993,98,98.00,0
4.2083,4.2083,98,98.00,0
4.2143,4.2142,98,98.00,0
4.2253,4.2253,98,98.00,0
4.2334,4.2334,98,98.00,0
4.2399,4.2399,95,95.00,0
4.2474,4.2474,95,95.00,0
4.2554,4.2554,95,95.00,0
4.2624,4.2624,95,95.00,0
4.2725,4.2724,95,95.00,0
4.2805,4.2805,95,95.00,0
4.2898,4.2898,95,95.00,0
4.2974,4.2974,95,95.00,0
4.3077,4.3077,95,95.00,0
4.3145,4.3145,95,95.00,0
4.3225,4.3225,95,95.00,0
4.3297,4.3297,95,95.00,0
4.3393,4.3393,90,90.00,0
4.3454,4.3454,90,90.00,0
4.3527,4.3527,90,90.00,0
4.3605,4.3604,90,90.00,0
4.3674,4.3674,90,90.00,0
4.3746,4.3746,90,90.00,0
4.3828,4.3828,90,90.00,0
4.3906,4.3906,90,90.00,0
4.3990,4.3990,90,90.00,0
4.4084,4.4084,90,90.00,0
4.4157,4.4157,90,90.00,0
4.4223,4.4223,90,90.00,0
4.4295,4.4295,90,90.00,0
4.4392,4.4392,84,84.00,0
4.4466,4.4466,84,84.00,0
4.4544,4.4544,84,84.00,0
4.4608,4.4608,84,84.00,0
4.4684,4.4684,84,84.00,0
4.4745,4.4745,84,84.00,0
4.4818,4.4817,84,84.00,0
4.4886,4.4885,84,84.00,0
4.4964,4.4964,84,84.00,0
4.5084,4.5083,84,84.00,0
4.5147,4.5147,84,84.00,0
4.5244,4.5243,84,84.00,0
4.5344,4.5343,77,77.00,0
4.5404,4.5404,77,77.00,0
4.5475,4.5475,77,77.00,0
4.5554,4.5554,77,77.00,0
4.5625,4.5625,77,77.00,0
4.5730,4.5730,77,77.00,0
4.5805,4.5804,77,77.00,0
4.5883,4.5883,77,77.00,0
4.5954,4.5954,77,77.00,0
4.6024,4.6023,77,77.00,0
4.6096,4.6095,77,77.00,0
4.6174,4.6174,77,77.00,0
4.6246,4.6245,77,77.00,0
4.6316,4.6316,71,71.00,0
4.6386,4.6385,71,71.00,0
4.6456,4.6456,71,71.00,0
4.6554,4.6554,71,71.00,0
4.6624,4.6623,71,71.00,0
4.6722,4.6722,71,71.00,0
4.6791,4.6791,71,71.00,0
4.6896,4.6895,71,71.00,0
4.6964,4.6964,71,71.00,0
4.7045,4.7045,71,71.00,0
4.7124,4.7124,71,71.00,0
4.7244,4.7244,71,71.00,0
4.7324,4.7324,65,65.00,0
4.7387,4.7386,65,65.00,0
4.7464,4.7463,65,65.00,0
4.7554,4.7553,65,65.00,0
4.7625,4.7625,65,65.00,0
4.7714,4.7713,65,65.00,0
4.7788,4.7787,65,65.00,0
4.7863,4.7863,65,65.00,0
4.7936,4.7935,65,65.00,0
4.8008,4.8008,65,65.00,0
4.8094,4.8094,65,65.00,0
4.8166,4.8166,65,65.00,0
4.8247,4.8246,65,65.00,0
4.8326,4.8325,61,61.00,0
4.8403,4.8403,61,61.00,0
4.8474,4.8473,61,61.00,0
4.8555,4.8554,61,61.00,0
4.8627,4.8627,61,61.00,0
4.8724,4.8724,61,61.00,0
4.8792,4.8792,61,61.00,0
4.8884,4.8883,61,61.00,0
4.8956,4.8955,61,61.00,0
4.9034,4.9033,61,61.00,0
4.9106,4.9106,61,61.00,0
4.9174,4.9173,61,61.00,0
4.9245,4.9244,61,61.00,0
4.9324,4.9324,58,58.00,0
4.9424,4.9424,58,58.00,0
4.9495,4.9495,58,58.00,0
4.9574,4.9574,58,58.00,0
4.9646,4.9646,58,58.00,0
4.9724,4.9724,58,58.00,0
4.9796,4.9796,58,58.00,0
4.9886,4.9886,58,58.00,0
4.9964,4.9964,58,58.00,0
5.0054,5.0054,58,58.00,0
5.0134,5.0133,58,58.00,0
5.0243,5.0242,58,58.00,0
5.0313,5.0312,55,55.00,0
5.0413,5.0412,55,55.00,0
5.0483,5.0483,55,55.00,0
5.0552,5.0552,55,55.00,0
5.0624,5.0623,55,55.00,0
5.0713,5.0713,55,55.00,0
5.0786,5.0785,55,55.00,0
5.0854,5.0854,55,55.00,0
5.0922,5.0922,55,55.00,0
5.0991,5.0991,55,55.00,0
5.1054,5.1053,55,55.00,0
5.1116,5.1115,55,55.00,0
5.1187,5.1187,55,55.00,0
5.1257,5.1256,55,55.00,0
5.1325,5.1325,52,52.00,0
5.1407,5.1407,52,52.00,0
5.1475,5.1474,52,52.00,0
5.1554,5.1554,52,52.00,0
5.1623,5.1622,52,52.00,0
5.1715,5.1715,52,52.00,0
5.1786,5.1785,52,52.00,0
5.1855,5.1855,52,52.00,0
5.1925,5.1925,52,52.00,0
5.1997,5.1996,52,52.00,0
5.2074,5.2073,52,52.00,0
5.2136,5.2136,52,52.00,0
5.2245,5.2245,52,52.00,0
5.2324,5.2324,50,50.00,0
5.2407,5.2407,50,50.00,0
5.2484,5.2483,50,50.00,0
5.2554,5.2554,50,50.00,0
5.2626,5.2625,50,50.00,0
5.2724,5.2724,50,50.00,0
5.2792,5.2792,50,50.00,0
5.2894,5.2894,50,50.00,0
5.2964,5.2964,50,50.00,0
5.3065,5.3065,50,50.00,0
5.3139,5.3139,50,50.00,0
5.3225,5.3224,50,50.00,0
5.3304,5.3303,47,47.00,0
5.3417,5.3417,47,47.00,0
5.3494,5.3494,47,47.00,0
5.3564,5.3563,47,47.00,0
5.3645,5.3645,47,47.00,0
5.3724,5.3723,47,47.00,0
5.3796,5.3796,47,47.00,0
5.3886,5.3886,47,47.00,0
5.3965,5.3964,47,47.00,0
5.4053,5.4053,47,47.00,0
5.4125,5.4125,47,47.00,0
5.4240,5.4240,47,47.00,0
5.4313,5.4313,44,44.00,0
5.4424,5.4423,44,44.00,0
5.4497,5.4497,44,44.00,0
5.4586,5.4586,44,44.00,0
5.4663,5.4663,44,44.00,0
5.4735,5.4735,44,44.00,0
5.4807,5.4807,44,44.00,0
5.4883,5.4883,44,44.00,0
5.4954,5.4953,44,44.00,0
5.5027,5.5027,44,44.00,0
5.5104,5.5103,44,44.00,0
5.5173,5.5173,44,44.00,0
5.5245,5.5245,44,44.00,0
5.5324,5.5323,40,40.00,0
5.5415,5.5415,40,40.00,0
5.5494,5.5494,40,40.00,0
5.5586,5.5586,40,40.00,0
5.5663,5.5663,40,40.00,0
5.5735,5.5735,40,40.00,0
5.5804,5.5803,40,40.00,0
5.5883,5.5883,40,40.00,0
5.5956,5.5955,40,40.00,0
5.6027,5.6027,40,40.00,0
5.6096,5.6096,40,40.00,0
5.6164,5.6164,40,40.00,0
5.6233,5.6233,40,40.00,0
5.6297,5.6297,34,34.00,0
5.6397,5.6398,34,34.00,0
5.6475,5.6474,34,34.00,0
5.6586,5.6586,34,34.00,0
5.6664,5.6664,34,34.00,0
5.6738,5.6738,34,34.00,0
5.6817,5.6817,34,34.00,0
5.6897,5.6897,34,34.00,0
5.6974,5.6974,34,34.00,0
5.7053,5.7053,34,34.00,0
5.7126,5.7125,34,34.00,0
5.7225,5.7224,34,34.00,0
5.7304,5.7304,27,27.00,0
5.7414,5.7413,27,27.00,0
5.7494,5.7494,27,27.00,0
5.7577,5.7577,27,27.00,0
5.7655,5.7654,27,27.00,0
5.7743,5.7743,27,27.00,0
5.7815,5.7815,27,27.00,0
5.7885,5.7884,27,27.00,0
5.7964,5.7963,27,27.00,0
5.8058,5.8058,27,27.00,0
5.8133,5.8133,27,27.00,0
5.8217,5.8217,27,27.00,0
5.8294,5.8293,22,22.00,0
5.8387,5.8387,22,22.00,0
5.8465,5.8464,22,22.00,0
5.8554,5.8554,22,22.00,0
5.8627,5.8626,22,22.00,0
5.8745,5.8745,22,22.00,0
5.8823,5.8823,22,22.00,0
5.8885,5.8885,22,22.00,0
5.8953,5.8953,22,22.00,0
5.9025,5.9024,22,22.00,0
5.9097,5.9096,22,22.00,0
5.9163,5.9163,22,22.00,0
5.9235,5.9234,16,16.00,0
5.9305,5.9304,16,16.00,0
5.9395,5.9394,16,16.00,0
5.9469,5.9469,16,16.00,0
5.9554,5.9554,16,16.00,0
5.9634,5.9633,16,16.00,0
5.9743,5.9743,16,16.00,0
5.9815,5.9814,16,16.00,0
5.9885,5.9885,16,16.00,0
5.9958,5.9957,16,16.00,0
6.0060,6.0060,16,16.00,0
6.0164,6.0163,16,16.00,0
6.0237,6.0237,8,8.00,0
6.0308,6.0308,8,8.00,0
6.0392,6.0392,8,8.00,0
6.0465,6.0465,8,8.00,0
6.0565,6.0565,8,8.00,0
6.0644,6.0644,8,8.00,0
6.0754,6.0753,8,8.00,0
6.0826,6.0826,8,8.00,0
6.0913,6.0913,8,8.00,0
6.0986,6.0986,8,8.00,0
6.1054,6.1053,8,8.00,0
6.1127,6.1127,8,8.00,0
6.1225,6.1225,1,1.00,0
6.1324,6.1323,1,1.00,0
6.1595,6.1595,1,1.00,0
6.1914,6.1914,1,1.00,0
6.2001,6.2001,1,1.00,0
6.2077,6.2077,1,1.00,1
6.2915,6.2915,0,0.00,1
6.3024,6.3024,0,0.00,1
6.3093,6.3093,0,0.00,1
6.3177,6.3176,0,0.00,1
6.3275,6.3275,0,0.00,1
6.3377,6.3377,0,0.00,1
6.3464,6.3464,0,0.00,1
6.3674,6.3674,0,0.00,1
6.3754,6.3754,0,0.00,1
6.3814,6.3814,0,0.00,1
6.3906,6.3905,0,0.00,1
6.3983,6.3983,0,0.00,1
6.4096,6.4097,0,0.00,1
6.4175,6.4175,0,0.00,1
6.4256,6.4255,0,0.00,1
6.4345,6.4345,0,0.00,1
6.4427,6.4427,0,0.00,1
6.4503,6.4502,0,0.00,1
6.4584,6.4584,0,0.00,1
6.4665,6.4665,0,0.00,1
6.4793,6.4793,0,0.00,1
6.4875,6.4875,0,0.00,1
6.4964,6.4964,0,0.00,1
6.5047,6.5047,0,0.00,1
6.5125,6.5124,0,0.00,1
6.5203,6.5202,0,0.00,1
6.5285,6.5284,0,0.00,1
6.5343,6.5343,0,0.00,1
6.5424,6.5424,0,0.00,1
6.5506,6.5506,0,0.00,1
6.5592,6.5592,0,0.00,1
6.5674,6.5674,0,0.00,1
6.5765,6.5765,0,0.00,1
6.5852,6.5852,0,0.00,1
6.5935,6.5935,0,0.00,1
6.6024,6.6023,0,0.00,1
6.6101,6.6100,0,0.00,1
6.6183,6.6183,0,0.00,1
6.6273,6.6273,0,0.00,1
6.6363,6.6363,0,0.00,1
6.6447,6.6447,0,0.00,1
6.6534,6.6534,0,0.00,1
6.6624,6.6623,0,0.00,1
6.6713,6.6713,0,0.00,1
6.6797,6.6797,0,0.00,1
6.6875,6.6874,0,0.00,1
6.6954,6.6954,0,0.00,1
6.7113,6.7113,0,0.00,1
6.7192,6.7192,0,0.00,1
6.7255,6.7255,0,0.00,1
6.7344,6.7343,0,0.00,1
6.7427,6.7427,0,0.00,1
6.7535,6.7534,0,0.00,1
6.7604,6.7603,0,0.00,1
6.7684,6.7684,0,0.00,1
6.7764,6.7764,0,0.00,1
6.7854,6.7854,0,0.00,1
6.7944,6.7943,0,0.00,1
6.8035,6.8035,0,0.00,1
6.8125,6.8125,0,0.00,1
6.8213,6.8213,0,0.00,1
6.8284,6.8284,0,0.00,1
6.8374,6.8374,0,0.00,1
6.8464,6.8464,0,0.00,1
6.8554,6.8554,0,0.00,1
6.8644,6.8643,0,0.00,1
6.8736,6.8735,0,0.00,1
6.8828,6.8827,0,0.00,1
6.8894,6.8893,0,0.00,1
6.8984,6.8984,0,0.00,1
6.9063,6.9063,0,0.00,1
6.9144,6.9143,0,0.00,1
6.9235,6.9235,0,0.00,1
6.9324,6.9324,0,0.00,1
6.9394,6.9393,0,0.00,1
6.9484,6.9484,0,0.00,1
6.9573,6.9573,0,0.00,1
6.9644,6.9644,0,0.00,1
6.9713,6.9713,0,0.00,1
6.9797,6.9797,0,0.00,1
6.9884,6.9884,0,0.00,1
6.9974,6.9974,0,0.00,1
7.0065,7.0064,0,0.00,1
7.0154,7.0154,0,0.00,1
7.0245,7.0245,0,0.00,1
7.0335,7.0334,0,0.00,1
7.0394,7.0394,0,0.00,1
7.0473,7.0473,0,0.00,1
7.0564,7.0563,0,0.00,1
7.0655,7.0654,0,0.00,1
7.0733,7.0732,0,0.00,1
7.0825,7.0825,0,0.00,1
7.0913,7.0913,0,0.00,1
7.1005,7.1004,0,0.00,1
7.1075,7.1074,0,0.00,1
7.1154,7.1154,0,0.00,1
7.1235,7.1234,0,0.00,1
7.1314,7.1314,0,0.00,1
7.1386,7.1385,0,0.00,1
7.1474,7.1473,0,0.00,1
7.1558,7.1557,0,0.00,1
7.1644,7.1643,0,0.00,1
7.1734,7.1734,0,0.00,1
7.1824,7.1824,0,0.00,1
7.1915,7.1915,0,0.00,1
7.2004,7.2004,0,0.00,1
7.2098,7.2097,0,0.00,1
7.2174,7.2174,0,0.00,1
7.2243,7.2243,0,0.00,1
7.2335,7.2335,0,0.00,1
7.2417,7.2416,0,0.00,1
7.2484,7.2484,0,0.00,1
7.2553,7.2552,0,0.00,1
7.2645,7.2645,0,0.00,1
7.2733,7.2732,0,0.00,1
7.2815,7.2815,0,0.00,1
7.2895,7.2895,0,0.00,1
7.2984,7.2984,0,0.00,1
7.3076,7.3076,0,0.00,1
7.3165,7.3165,0,0.00,1
7.3253,7.3253,0,0.00,1
7.3324,7.3323,0,0.00,1
7.3397,7.3397,0,0.00,1
7.3484,7.3483,0,0.00,1
7.3573,7.3573,0,0.00,1
7.3655,7.3655,0,0.00,1
7.3737,7.3736,0,0.00,1
7.3824,7.3824,0,0.00,1
7.3906,7.3906,0,0.00,1
7.3992,7.3992,0,0.00,1
7.4073,7.4072,0,0.00,1
7.4153,7.4153,0,0.00,1
7.4233,7.4232,0,0.00,1
7.4313,7.4313,0,0.00,1
7.4373,7.4372,0,0.00,1
7.4453,7.4452,0,0.00,1
7.4533,7.4533,0,0.00,1
7.4605,7.4604,0,0.00,1
7.4693,7.4693,0,0.00,1
7.4774,7.4774,0,0.00,1
7.4855,7.4855,0,0.00,1
7.4936,7.4936,0,0.00,1
7.5023,7.5023,0,0.00,1
7.5105,7.5105,0,0.00,1
7.5194,7.5193,0,0.00,1
7.5275,7.5275,0,0.00,1
7.5356,7.5356,0,0.00,1
7.5433,7.5433,0,0.00,1
7.5514,7.5514,0,0.00,1
7.5595,7.5594,0,0.00,1
7.5684,7.5684,0,0.00,1
7.5765,7.5765,0,0.00,1
7.5846,7.5846,0,0.00,1
7.5933,7.5933,0,0.00,1
7.6016,7.6016,0,0.00,1
7.6103,7.6103,0,0.00,1
7.6185,7.6184,0,0.00,1
7.6274,7.6274,0,0.00,1
7.6357,7.6357,0,0.00,1
7.6445,7.6444,0,0.00,1
7.6534,7.6533,0,0.00,1
7.6624,7.6623,0,0.00,1
7.6707,7.6706,0,0.00,1
7.6786,7.6786,0,0.00,1
7.6875,7.6875,0,0.00,1
7.6944,7.6944,0,0.00,1
7.7014,7.7013,0,0.00,1
7.7094,7.7094,4,4.00,1
7.7184,7.7183,4,4.00,1
7.7273,7.7273,4,4.00,1
7.7365,7.7364,4,4.00,1
7.7435,7.7434,4,4.00,1
7.7504,7.7503,4,4.00,1
7.7594,7.7593,4,4.00,1
7.7676,7.7676,4,4.00,1
7.7754,7.7754,4,4.00,1
7.7845,7.7845,4,4.00,1
7.7924,7.7923,4,4.00,1
7.8015,7.8014,4,4.00,1
7.8106,7.8106,12,12.00,1
7.8307,7.8307,12,12.00,1
7.8423,7.8422,12,12.00,0
7.9256,7.9255,22,22.00,0
7.9343,7.9343,22,22.00,0
7.9414,7.9414,22,22.00,0
7.9515,7.9515,22,22.00,0
8.0013,8.0013,22,22.00,0
8.0240,8.0239,33,33.00,0
8.0339,8.0338,33,33.00,0
8.0434,8.0434,33,33.00,0
8.0504,8.0504,33,33.00,0
8.0566,8.0565,33,33.00,0
8.0636,8.0635,33,33.00,0
8.0698,8.0697,33,33.00,0
8.0763,8.0762,33,33.00,0
8.0836,8.0835,33,33.00,0
8.0927,8.0927,33,33.00,0
8.1025,8.1024,33,33.00,0
8.1083,8.1083,42,42.00,0
8.1142,8.1142,42,42.00,0
8.1235,8.1237,42,42.00,0
8.1312,8.1311,42,42.00,0
8.1382,8.1381,42,42.00,0
8.1446,8.1445,42,42.00,0
8.1673,8.1673,42,42.00,0
8.1746,8.1745,42,42.00,0
8.1904,8.1903,42,42.00,0
8.1973,8.1973,42,42.00,0
8.2058,8.2057,50,50.00,0
8.2126,8.2125,50,50.00,0
8.2194,8.2194,50,50.00,0
8.2262,8.2262,50,50.00,0
8.2343,8.2342,50,50.00,0
8.2525,8.2524,50,50.00,0
8.2596,8.2595,50,50.00,0
8.2666,8.2666,50,50.00,0
8.2732,8.2732,50,50.00,0
8.2794,8.2794,50,50.00,0
8.2862,8.2861,50,50.00,0
8.2931,8.2930,50,50.00,0
8.3002,8.3002,50,50.00,0
8.3072,8.3072,57,57.00,0
8.3142,8.3142,57,57.00,0
8.3213,8.3213,57,57.00,0
8.3272,8.3272,57,57.00,0
8.3342,8.3342,57,57.00,0
8.3412,8.3411,57,57.00,0
8.3482,8.3482,57,57.00,0
8.3553,8.3552,57,57.00,0
8.3622,8.3622,57,57.00,0
8.3693,8.3692,57,57.00,0
8.3763,8.3762,57,57.00,0
8.3833,8.3833,57,57.00,0
8.3892,8.3892,57,57.00,0
8.3963,8.3962,57,57.00,0
8.4033,8.4032,57,57.00,0
8.4093,8.4092,65,65.00,0
8.4165,8.4164,65,65.00,0
8.4232,8.4232,65,65.00,0
8.4303,8.4302,65,65.00,0
8.4373,8.4372,65,65.00,0
8.4444,8.4443,65,65.00,0
8.4513,8.4512,65,65.00,0
8.4582,8.4582,65,65.00,0
8.4665,8.4664,65,65.00,0
8.4731,8.4731,65,65.00,0
8.4803,8.4802,65,65.00,0
8.4865,8.4865,65,65.00,0
8.4932,8.4931,65,65.00,0
8.5003,8.5002,65,65.00,0
8.5073,8.5072,74,74.00,0
8.5143,8.5143,74,74.00,0
8.5216,8.5215,74,74.00,0
8.5293,8.5293,74,74.00,0
8.5369,8.5368,74,74.00,0
8.5437,8.5437,74,74.00,0
8.5513,8.5513,74,74.00,0
8.5583,8.5582,74,74.00,0
8.5663,8.5662,74,74.00,0
8.5733,8.5732,74,74.00,0
8.5793,8.5793,74,74.00,0
8.5863,8.5863,74,74.00,0
8.5939,8.5939,74,74.00,0
8.6025,8.6024,74,74.00,0
8.6094,8.6093,82,82.00,0
8.6175,8.6174,82,82.00,0
8.6244,8.6243,82,82.00,0
8.6315,8.6314,82,82.00,0
8.6385,8.6385,82,82.00,0
8.6463,8.6462,82,82.00,0
8.6534,8.6533,82,82.00,0
8.6606,8.6606,82,82.00,0
8.6673,8.6672,82,82.00,0
8.6744,8.6743,82,82.00,0
8.6807,8.6806,82,82.00,0
8.6875,8.6875,82,82.00,0
8.6946,8.6945,82,82.00,0
8.7015,8.7014,82,82.00,0
8.7094,8.7093,88,88.00,0
8.7195,8.7194,88,88.00,0
8.7273,8.7273,88,88.00,0
8.7353,8.7352,88,88.00,0
8.7423,8.7423,88,88.00,0
8.7531,8.7531,88,88.00,0
8.7604,8.7603,88,88.00,0
8.7687,8.7687,88,88.00,0
8.7747,8.7746,88,88.00,0
8.7863,8.7863,88,88.00,0
8.7924,8.7924,88,88.00,0
8.8023,8.8023,93,93.00,0
8.8095,8.8095,93,93.00,0
8.8204,8.8203,93,93.00,0
8.8276,8.8275,93,93.00,0
8.8365,8.8365,93,93.00,0
8.8443,8.8443,93,93.00,0
8.8527,8.8526,93,93.00,0
8.8604,8.8603,93,93.00,0
8.8695,8.8695,93,93.00,0
8.8764,8.8764,93,93.00,0
8.8843,8.8843,93,93.00,0
8.8914,8.8913,93,93.00,0
8.9014,8.9014,101,101.00,0
8.9193,8.9192,101,101.00,0
8.9263,8.9262,101,101.00,0
8.9365,8.9364,101,101.00,0
8.9444,8.9443,101,101.00,0
8.9513,8.9512,101,101.00,0
8.9583,8.9583,101,101.00,0
8.9673,8.9672,101,101.00,0
8.9733,8.9733,101,101.00,0
8.9805,8.9804,101,101.00,0
8.9877,8.9876,101,101.00,0
8.9954,8.9953,101,101.00,0
9.0026,9.0025,107,107.00,0
9.0104,9.0104,107,107.00,0
9.0177,9.0176,107,107.00,0
9.0255,9.0254,107,107.00,0
9.0383,9.0383,107,107.00,0
9.0454,9.0453,107,107.00,0
9.0524,9.0524,107,107.00,0
9.0596,9.0596,107,107.00,0
9.0696,9.0695,107,107.00,0
9.0774,9.0773,107,107.00,0
9.0855,9.0854,107,107.00,0
9.0926,9.0926,107,107.00,0
9.1014,9.1013,111,111.00,0
9.1084,9.1083,111,111.00,0
9.1175,9.1175,111,111.00,0
9.1243,9.1243,111,111.00,0
9.1314,9.1314,111,111.00,0
9.1383,9.1383,111,111.00,0
9.1454,9.1454,111,111.00,0
9.1653,9.1652,111,111.00,0
9.1724,9.1723,111,111.00,0
9.1794,9.1793,111,111.00,0
9.1869,9.1869,111,111.00,0
9.1947,9.1946,111,111.00,0
9.2014,9.2013,113,113.00,0
9.2098,9.2097,113,113.00,0
9.2211,9.2210,113,113.00,0
9.2287,9.2287,113,113.00,0
9.2383,9.2382,113,113.00,0
9.2454,9.2453,113,113.00,0
9.2531,9.2530,113,113.00,0
9.2604,9.2604,113,113.00,0
9.2675,9.2674,113,113.00,0
9.2743,9.2742,113,113.00,0
9.2803,9.2803,113,113.00,0
9.2873,9.2873,113,113.00,0
9.2945,9.2944,113,113.00,0
9.3013,9.3013,115,115.00,0
9.3085,9.3084,115,115.00,0
9.3187,9.3186,115,115.00,0
9.3265,9.3264,115,115.00,0
9.3346,9.3345,115,115.00,0
9.3423,9.3423,115,115.00,0
9.3533,9.3533,115,115.00,0
9.3604,9.3603,115,115.00,0
9.3675,9.3675,115,115.00,0
9.3747,9.3746,115,115.00,0
9.3843,9.3843,115,115.00,0
9.3914,9.3913,115,115.00,0
9.4013,9.4013,115,115.00,0
9.4085,9.4084,115,115.00,0
9.4175,9.4175,115,115.00,0
9.4245,9.4245,115,115.00,0
9.4326,9.4325,115,115.00,0
9.4386,9.4385,115,115.00,0
9.4483,9.4482,115,115.00,0
9.4565,9.4565,115,115.00,0
9.4637,9.4636,115,115.00,0
9.4705,9.4705,115,115.00,0
9.4774,9.4774,115,115.00,0
9.4843,9.4842,115,115.00,0
9.4915,9.4914,115,115.00,0
9.5014,9.5013,116,116.00,0
9.5083,9.5082,116,116.00,0
9.5175,9.5174,116,116.00,0
9.5243,9.5242,116,116.00,0
9.5312,9.5312,116,116.00,0
9.5404,9.5403,116,116.00,0
9.5473,9.5472,116,116.00,0
9.5564,9.5563,116,116.00,0
9.5635,9.5634,116,116.00,0
9.5724,9.5724,116,116.00,0
9.5796,9.5795,116,116.00,0
9.5886,9.5885,116,116.00,0
9.5964,9.5964,115,115.00,0
9.6054,9.6053,115,115.00,0
9.6124,9.6124,115,115.00,0
9.6215,9.6215,115,115.00,0
9.6282,9.6282,115,115.00,0
9.6383,9.6383,115,115.00,0
9.6453,9.6453,115,115.00,0
9.6543,9.6543,115,115.00,0
9.6615,9.6614,115,115.00,0
9.6703,9.6703,115,115.00,0
9.6776,9.6776,115,115.00,0
9.6864,9.6863,115,115.00,0
9.6932,9.6931,115,115.00,0
9.7034,9.7033,115,115.00,0
9.7106,9.7106,115,115.00,0
9.7188,9.7187,115,115.00,0
9.7264,9.7263,115,115.00,0
9.7375,9.7374,115,115.00,0
9.7454,9.7453,115,115.00,0
9.7532,9.7532,115,115.00,0
9.7614,9.7614,115,115.00,0
9.7694,9.7694,115,115.00,0
9.7773,9.7772,115,115.00,0
9.7865,9.7864,115,115.00,0
9.7932,9.7932,115,115.00,0
9.8033,9.8033,115,115.00,0
9.8113,9.8113,115,115.00,0
9.8214,9.8213,115,115.00,0
9.8276,9.8275,115,115.00,0
9.8362,9.8362,115,115.00,0
9.8437,9.8437,115,115.00,0
9.8526,9.8525,115,115.00,0
9.8621,9.8623,115,115.00,0
9.8703,9.8703,115,115.00,0
9.8783,9.8782,115,115.00,0
9.8855,9.8854,115,115.00,0
9.8926,9.8925,115,115.00,0
9.9013,9.9013,115,115.00,0
9.9085,9.9084,115,115.00,0
9.9195,9.9194,115,115.00,0
9.9271,9.9271,115,115.00,0
9.9375,9.9375,115,115.00,0
9.9443,9.9442,115,115.00,0
9.9533,9.9532,115,115.00,0
9.9611,9.9611,115,115.00,0
9.9695,9.9695,115,115.00,0
9.9775,9.9774,115,115.00,0
9.9853,9.9853,115,115.00,0
9.9935,9.9935,115,115.00,0
10.0036,10.0036,115,115.00,0
10.0114,10.0114,115,115.00,0
10.0195,10.0194,115,115.00,0
10.0277,10.0277,115,115.00,0
10.0363,10.0362,115,115.00,0
10.0424,10.0424,115,115.00,0
10.0525,10.0525,115,115.00,0
10.0593,10.0592,115,115.00,0
10.0703,10.0702,115,115.00,0
10.0773,10.0773,115,115.00,0
10.0864,10.0863,115,115.00,0
10.0932,10.0931,115,115.00,0
10.1012,10.1012,115,115.00,0
10.1083,10.1082,115,115.00,0
10.1193,10.1192,115,115.00,0
10.1263,10.1262,115,115.00,0
10.1354,10.1353,115,115.00,0
10.1423,10.1422,115,115.00,0
10.1527,10.1526,115,115.00,0
10.1595,10.1594,115,115.00,0
10.1703,10.1702,115,115.00,0
10.1773,10.1773,115,115.00,0
10.1863,10.1862,115,115.00,0
10.1924,10.1923,115,115.00,0
10.2023,10.2023,115,115.00,0
10.2104,10.2103,115,115.00,0
10.2195,10.2194,115,115.00,0
10.2283,10.2283,115,115.00,0
10.2373,10.2372,115,115.00,0
10.2445,10.2444,115,115.00,0
10.2537,10.2536,115,115.00,0
10.2614,10.2613,115,115.00,0
10.2705,10.2705,115,115.00,0
10.2784,10.2783,115,115.00,0
10.2873,10.2872,115,115.00,0
10.2946,10.2945,115,115.00,0
10.3024,10.3024,115,115.00,0
10.3101,10.3101,115,115.00,0
10.3204,10.3203,115,115.00,0
10.3284,10.3283,115,115.00,0
10.3375,10.3374,115,115.00,0
10.3447,10.3446,115,115.00,0
10.3514,10.3513,115,115.00,0
10.3586,10.3585,115,115.00,0
10.3673,10.3672,115,115.00,0
10.3743,10.3743,115,115.00,0
10.3823,10.3823,115,115.00,0
10.3894,10.3893,115,115.00,0
10.3956,10.3955,115,115.00,0
10.4027,10.4026,115,115.00,0
10.4104,10.4103,115,115.00,0
10.4175,10.4174,115,115.00,0
10.4242,10.4241,115,115.00,0
10.4313,10.4313,115,115.00,0
10.4385,10.4385,115,115.00,0
10.4457,10.4456,115,115.00,0
10.4527,10.4526,115,115.00,0
10.4605,10.4604,115,115.00,0
10.4673,10.4673,115,115.00,0
10.4744,10.4744,115,115.00,0
10.4817,10.4816,115,115.00,0
10.4884,10.4884,115,115.00,0
10.4955,10.4955,115,115.00,0
10.5034,10.5034,115,115.00,0
10.5107,10.5107,115,115.00,0
10.5183,10.5183,115,115.00,0
10.5245,10.5244,115,115.00,0
10.5317,10.5316,115,115.00,0
10.5384,10.5384,115,115.00,0
10.5456,10.5455,115,115.00,0
10.5523,10.5523,115,115.00,0
10.5594,10.5593,115,115.00,0
10.5684,10.5683,115,115.00,0
10.5744,10.5743,115,115.00,0
10.5815,10.5815,115,115.00,0
10.5884,10.5883,115,115.00,0
10.5954,10.5953,115,115.00,0
10.6035,10.6034,115,115.00,0
10.6113,10.6113,115,115.00,0
10.6174,10.6174,115,115.00,0
10.6245,10.6245,115,115.00,0
10.6324,10.6323,115,115.00,0
10.6396,10.6395,115,115.00,0
10.6456,10.6455,115,115.00,0
10.6524,10.6523,115,115.00,0
10.6597,10.6596,115,115.00,0
10.6673,10.6673,115,115.00,0
10.6744,10.6743,115,115.00,0
10.6815,10.6815,115,115.00,0
10.6887,10.6886,115,115.00,0
10.6964,10.6963,115,115.00,0
10.7036,10.7035,115,115.00,0
10.7114,10.7113,115,115.00,0
10.7204,10.7203,115,115.00,0
10.7275,10.7274,115,115.00,0
10.7333,10.7333,115,115.00,0
10.7404,10.7403,115,115.00,0
10.7475,10.7475,115,115.00,0
10.7546,10.7545,115,115.00,0
10.7618,10.7617,115,115.00,0
10.7694,10.7693,115,115.00,0
10.7765,10.7764,115,115.00,0
10.7853,10.7853,115,115.00,0
10.7926,10.7925,115,115.00,0
10.8044,10.8043,115,115.00,0
10.8116,10.8115,115,115.00,0
10.8214,10.8213,115,115.00,0
10.8286,10.8285,115,115.00,0
10.8364,10.8363,115,115.00,0
10.8438,10.8438,115,115.00,0
10.8514,10.8513,115,115.00,0
10.8585,10.8584,115,115.00,0
10.8683,10.8683,115,115.00,0
10.8757,10.8756,115,115.00,0
10.8843,10.8843,115,115.00,0
10.8913,10.8913,115,115.00,0
10.9045,10.9044,115,115.00,0
10.9127,10.9127,115,115.00,0
10.9213,10.9213,115,115.00,0
10.9294,10.9293,115,115.00,0
10.9364,10.9363,115,115.00,0
10.9436,10.9436,115,115.00,0
10.9524,10.9523,115,115.00,0
10.9594,10.9594,115,115.00,0
10.9686,10.9685,115,115.00,0
10.9754,10.9753,115,115.00,0
10.9853,10.9853,115,115.00,0
10.9933,10.9932,115,115.00,0
11.0025,11.0024,115,115.00,0
11.0113,11.0112,115,115.00,0
11.0214,11.0213,115,115.00,0
11.0284,11.0283,115,115.00,0
11.0356,11.0355,115,115.00,0
11.0436,11.0435,115,115.00,0
11.0514,11.0513,115,115.00,0
11.0577,11.0576,115,115.00,0
11.0654,11.0653,115,115.00,0
11.0717,11.0717,115,115.00,0
11.0795,11.0794,115,115.00,0
11.0866,11.0866,115,115.00,0
11.0967,11.0967,115,115.00,0
11.1044,11.1044,115,115.00,0
11.1125,11.1124,115,115.00,0
11.1206,11.1205,115,115.00,0
11.1285,11.1284,115,115.00,0
11.1353,11.1353,115,115.00,0
11.1430,11.1429,115,115.00,0
11.1524,11.1523,115,115.00,0
11.1595,11.1594,115,115.00,0
11.1676,11.1675,115,115.00,0
11.1755,11.1754,115,115.00,0
11.1863,11.1863,115,115.00,0
11.1935,11.1934,115,115.00,0
11.2018,11.2017,115,115.00,0
11.2084,11.2084,115,115.00,0
11.2175,11.2175,115,115.00,0
11.2255,11.2254,115,115.00,0
11.2387,11.2387,115,115.00,0
11.2465,11.2464,115,115.00,0
11.2544,11.2543,115,115.00,0
11.2619,11.2618,115,115.00,0
11.2693,11.2692,115,115.00,0
11.2765,11.2765,115,115.00,0
11.2844,11.2843,115,115.00,0
11.2915,11.2914,115,115.00,0
11.3013,11.3013,115,115.00,0
11.3126,11.3125,115,115.00,0
11.3205,11.3204,115,115.00,0
11.3284,11.3283,115,115.00,0
11.3376,11.3375,115,115.00,0
11.3455,11.3454,115,115.00,0
11.3517,11.3516,115,115.00,0
11.3595,11.3594,115,115.00,0
11.3677,11.3677,115,115.00,0
11.3755,11.3754,115,115.00,0
11.3843,11.3843,115,115.00,0
11.3916,11.3915,115,115.00,0
11.4014,11.4013,115,115.00,0
11.4119,11.4118,115,115.00,0
11.4195,11.4194,115,115.00,0
11.4267,11.4267,115,115.00,0
11.4373,11.4372,115,115.00,0
11.4454,11.4453,115,115.00,0
11.4527,11.4526,115,115.00,0
11.4595,11.4594,115,115.00,0
11.4688,11.4687,115,115.00,0
11.4783,11.4783,115,115.00,0
11.4857,11.4857,115,115.00,0
11.4933,11.4932,115,115.00,0
11.5013,11.5013,115,115.00,0
11.5084,11.5083,115,115.00,0
11.5195,11.5194,115,115.00,0
11.5266,11.5266,115,115.00,0
11.5374,11.5374,115,115.00,0
11.5466,11.5466,115,115.00,0
11.5544,11.5543,115,115.00,0
11.5625,11.5624,115,115.00,0
11.5703,11.5702,115,115.00,0
11.5784,11.5783,115,115.00,0
11.5856,11.5855,115,115.00,0
11.5935,11.5934,115,115.00,0
11.6014,11.6013,115,115.00,0
11.6086,11.6085,115,115.00,0
11.6177,11.6176,115,115.00,0
11.6243,11.6242,115,115.00,0
11.6315,11.6315,115,115.00,0
11.6384,11.6383,115,115.00,0
11.6457,11.6456,115,115.00,0
11.6535,11.6534,115,115.00,0
11.6606,11.6606,115,115.00,0
11.6674,11.6673,115,115.00,0
11.6743,11.6743,115,115.00,0
11.6814,11.6813,115,115.00,0
11.6883,11.6883,115,115.00,0
11.6955,11.6955,115,115.00,0
11.7023,11.7022,115,115.00,0
11.7093,11.7092,115,115.00,0
11.7185,11.7184,115,115.00,0
11.7265,11.7264,115,115.00,0
11.7343,11.7343,115,115.00,0
11.7414,11.7414,115,115.00,0
11.7532,11.7532,115,115.00,0
11.7595,11.7595,115,115.00,0
11.7704,11.7703,115,115.00,0
11.7776,11.7776,115,115.00,0
11.7854,11.7853,115,115.00,0
11.7926,11.7925,115,115.00,0
11.8013,11.8012,115,115.00,0
11.8084,11.8083,115,115.00,0
11.8175,11.8174,115,115.00,0
11.8247,11.8246,115,115.00,0
11.8364,11.8363,115,115.00,0
11.8437,11.8436,115,115.00,0
11.8542,11.8541,115,115.00,0
11.8617,11.8616,115,115.00,0
11.8698,11.8697,115,115.00,0
11.8773,11.8773,115,115.00,0
11.8843,11.8842,115,115.00,0
11.8913,11.8912,115,115.00,0
11.9014,11.9013,115,115.00,0
11.9084,11.9083,115,115.00,0
11.9175,11.9175,115,115.00,0
11.9244,11.9244,115,115.00,0
11.9317,11.9316,115,115.00,0
11.9384,11.9384,115,115.00,0
11.9464,11.9463,115,115.00,0
11.9532,11.9531,115,115.00,0
11.9606,11.9605,115,115.00,0
11.9693,11.9692,115,115.00,0
11.9765,11.9764,115,115.00,0
11.9843,11.9843,115,115.00,0
11.9914,11.9913,115,115.00,0
12.0013,12.0013,115,115.00,0
12.0085,12.0084,115,115.00,0
12.0184,12.0184,115,115.00,0
12.0256,12.0255,115,115.00,0
12.0343,12.0342,115,115.00,0
12.0415,12.0415,115,115.00,0
12.0543,12.0543,115,115.00,0
12.0616,12.0615,115,115.00,0
12.0693,12.0692,115,115.00,0
12.0763,12.0763,115,115.00,0
12.0843,12.0842,115,115.00,0
12.0914,12.0913,115,115.00,0
12.1014,12.1013,115,115.00,0
12.1084,12.1083,115,115.00,0
12.1183,12.1182,115,115.00,0
12.1254,12.1253,115,115.00,0
12.1347,12.1346,115,115.00,0
12.1424,12.1423,115,115.00,0
12.1532,12.1531,115,115.00,0
12.1596,12.1596,115,115.00,0
12.1706,12.1705,115,115.00,0
12.1784,12.1783,114,114.00,0
12.1856,12.1855,114,114.00,0
12.1930,12.1929,114,114.00,0
12.2014,12.2013,114,114.00,0
12.2086,12.2085,114,114.00,0
12.2173,12.2173,114,114.00,0
12.2233,12.2232,114,114.00,0
12.2305,12.2305,114,114.00,0
12.2385,12.2384,114,114.00,0
12.2463,12.2463,114,114.00,0
12.2545,12.2544,114,114.00,0
12.2614,12.2613,114,114.00,0
12.2703,12.2703,114,114.00,0
12.2773,12.2773,112,112.00,0
12.2845,12.2845,112,112.00,0
12.2917,12.2916,112,112.00,0
12.3014,12.3013,112,112.00,0
12.3085,12.3084,112,112.00,0
12.3185,12.3184,112,112.00,0
12.3256,12.3255,112,112.00,0
12.3343,12.3342,112,112.00,0
12.3413,12.3413,112,112.00,0
12.3513,12.3513,112,112.00,0
12.3584,12.3583,112,112.00,0
12.3704,12.3703,112,112.00,0
12.3775,12.3774,107,107.00,0
12.3843,12.3842,107,107.00,0
12.3914,12.3913,107,107.00,0
12.4014,12.4013,107,107.00,0
12.4085,12.4084,107,107.00,0
12.4174,12.4174,107,107.00,0
12.4247,12.4246,107,107.00,0
12.4342,12.4341,107,107.00,0
12.4414,12.4413,107,107.00,0
12.4525,12.4524,107,107.00,0
12.4604,12.4603,107,107.00,0
12.4713,12.4712,107,107.00,0
12.4783,12.4783,101,101.00,0
12.4863,12.4862,101,101.00,0
12.4932,12.4931,101,101.00,0
12.5013,12.5012,101,101.00,0
12.5088,12.5088,101,101.00,0
12.5183,12.5182,101,101.00,0
12.5254,12.5253,101,101.00,0
12.5353,12.5352,101,101.00,0
12.5416,12.5415,101,101.00,0
12.5513,12.5512,101,101.00,0
12.5584,12.5583,101,101.00,0
12.5704,12.5703,101,101.00,0
12.5776,12.5775,94,94.00,0
12.5873,12.5872,94,94.00,0
12.5944,12.5944,94,94.00,0
12.6013,12.6012,94,94.00,0
12.6096,12.6096,94,94.00,0
12.6185,12.6184,94,94.00,0
12.6272,12.6271,94,94.00,0
12.6343,12.6342,94,94.00,0
12.6414,12.6413,94,94.00,0
12.6513,12.6512,94,94.00,0
12.6585,12.6584,94,94.00,0
12.6695,12.6694,94,94.00,0
12.6764,12.6763,88,88.00,0
12.6875,12.6874,88,88.00,0
12.6946,12.6945,88,88.00,0
12.7014,12.7013,88,88.00,0
12.7085,12.7084,88,88.00,0
12.7183,12.7183,88,88.00,0
12.7246,12.7245,88,88.00,0
12.7325,12.7324,88,88.00,0
12.7404,12.7403,88,88.00,0
12.7477,12.7477,88,88.00,0
12.7554,12.7554,88,88.00,0
12.7628,12.7627,88,88.00,0
12.7705,12.7704,88,88.00,0
12.7777,12.7776,82,82.00,0
12.7874,12.7873,82,82.00,0
12.7944,12.7943,82,82.00,0
12.8015,12.8014,82,82.00,0
12.8084,12.8083,82,82.00,0
12.8176,12.8175,82,82.00,0
12.8246,12.8245,82,82.00,0
12.8353,12.8353,82,82.00,0
12.8424,12.8423,82,82.00,0
12.8516,12.8516,82,82.00,0
12.8589,12.8588,82,82.00,0
12.8686,12.8685,82,82.00,0
12.8797,12.8796,77,77.00,0
12.8903,12.8902,77,77.00,0
12.8972,12.8971,77,77.00,0
12.9043,12.9042,77,77.00,0
12.9114,12.9113,77,77.00,0
12.9173,12.9172,77,77.00,0
12.9243,12.9242,77,77.00,0
12.9304,12.9303,77,77.00,0
12.9374,12.9373,77,77.00,0
12.9443,12.9442,77,77.00,0
12.9513,12.9512,77,77.00,0
12.9584,12.9583,77,77.00,0
12.9683,12.9682,77,77.00,0
12.9753,12.9752,72,72.00,0
12.9844,12.9843,72,72.00,0
12.9915,12.9914,72,72.00,0
13.0044,13.0043,72,72.00,0
13.0116,13.0115,72,72.00,0
13.0186,13.0185,72,72.00,0
13.0254,13.0253,72,72.00,0
13.0342,13.0342,72,72.00,0
13.0415,13.0414,72,72.00,0
13.0524,13.0524,72,72.00,0
13.0594,13.0593,72,72.00,0
13.0675,13.0674,72,72.00,0
13.0743,13.0742,66,66.00,0
13.0816,13.0815,66,66.00,0
13.0884,13.0884,66,66.00,0
13.0964,13.0963,66,66.00,0
13.1045,13.1044,66,66.00,0
13.1125,13.1124,66,66.00,0
13.1196,13.1196,66,66.00,0
13.1277,13.1276,66,66.00,0
13.1353,13.1353,66,66.00,0
13.1424,13.1423,66,66.00,0
13.1513,13.1512,66,66.00,0
13.1584,13.1583,66,66.00,0
13.1684,13.1683,66,66.00,0
13.1756,13.1755,59,59.00,0
13.1845,13.1844,59,59.00,0
13.1924,13.1923,59,59.00,0
13.2045,13.2044,59,59.00,0
13.2125,13.2125,59,59.00,0
13.2203,13.2202,59,59.00,0
13.2264,13.2263,59,59.00,0
13.2353,13.2353,59,59.00,0
13.2434,13.2433,59,59.00,0
13.2525,13.2524,59,59.00,0
13.2594,13.2593,59,59.00,0
13.2677,13.2676,59,59.00,0
13.2754,13.2753,52,52.00,0
13.2853,13.2853,52,52.00,0
13.2933,13.2932,52,52.00,0
13.3015,13.3014,52,52.00,0
13.3087,13.3086,52,52.00,0
13.3203,13.3202,52,52.00,0
13.3276,13.3275,52,52.00,0
13.3343,13.3342,52,52.00,0
13.3413,13.3413,52,52.00,0
13.3513,13.3513,52,52.00,0
13.3587,13.3586,52,52.00,0
13.3686,13.3685,52,52.00,0
13.3763,13.3763,45,45.00,0
13.3843,13.3843,45,45.00,0
13.3915,13.3914,45,45.00,0
13.4013,13.4013,45,45.00,0
13.4084,13.4084,45,45.00,0
13.4203,13.4203,45,45.00,0
13.4276,13.4275,45,45.00,0
13.4365,13.4364,45,45.00,0
13.4437,13.4436,45,45.00,0
13.4513,13.4512,45,45.00,0
13.4584,13.4583,45,45.00,0
13.4674,13.4673,45,45.00,0
13.4745,13.4744,37,37.00,0
13.4813,13.4813,37,37.00,0
13.4884,13.4883,37,37.00,0
13.4955,13.4955,37,37.00,0
13.5023,13.5022,37,37.00,0
13.5096,13.5096,37,37.00,0
13.5194,13.5194,37,37.00,0
13.5264,13.5263,37,37.00,0
13.5353,13.5352,37,37.00,0
13.5424,13.5424,37,37.00,0
13.5513,13.5512,37,37.00,0
13.5583,13.5583,37,37.00,0
13.5675,13.5674,28,28.00,0
13.5743,13.5743,28,28.00,0
13.5814,13.5813,28,28.00,0
13.5883,13.5883,28,28.00,0
13.5954,13.5954,28,28.00,0
13.6025,13.6024,28,28.00,0
13.6104,13.6103,28,28.00,0
13.6184,13.6183,28,28.00,0
13.6255,13.6255,28,28.00,0
13.6374,13.6373,28,28.00,0
13.6444,13.6443,28,28.00,0
13.6513,13.6512,28,28.00,0
13.6577,13.6577,28,28.00,0
13.6644,13.6643,28,28.00,0
13.6705,13.6705,20,20.00,0
13.6778,13.6777,20,20.00,0
13.6844,13.6843,20,20.00,0
13.6915,13.6914,20,20.00,0
13.7017,13.7016,20,20.00,0
13.7095,13.7094,20,20.00,0
13.7175,13.7174,20,20.00,0
13.7247,13.7246,20,20.00,0
13.7374,13.7373,20,20.00,0
13.7446,13.7446,20,20.00,0
13.7536,13.7535,20,20.00,0
13.7614,13.7613,20,20.00,0
13.7674,13.7673,13,13.00,0
13.7746,13.7745,13,13.00,0
13.7823,13.7822,13,13.00,0
13.7895,13.7894,13,13.00,0
13.7966,13.7966,13,13.00,0
13.8027,13.8026,13,13.00,0
13.8104,13.8103,13,13.00,0
13.8184,13.8183,13,13.00,0
13.8254,13.8253,13,13.00,0
13.8377,13.8376,13,13.00,0
13.8454,13.8453,13,13.00,0
13.8544,13.8543,13,13.00,0
13.8615,13.8614,13,13.00,0
13.8676,13.8675,7,7.00,0
13.8747,13.8746,7,7.00,0
13.8843,13.8843,7,7.00,0
13.8915,13.8914,7,7.00,0
13.9014,13.9013,7,7.00,0
13.9085,13.9085,7,7.00,0
13.9175,13.9175,7,7.00,0
13.9246,13.9245,7,7.00,0
13.9343,13.9342,7,7.00,0
13.9415,13.9414,7,7.00,0
13.9534,13.9533,7,7.00,0
13.9607,13.9606,7,7.00,0
13.9683,13.9682,3,3.00,0
13.9790,13.9789,3,3.00,0
13.9963,13.9962,3,3.00,0
14.0044,14.0043,3,3.00,0
14.0117,14.0116,3,3.00,1
14.1063,14.1062,0,0.00,1
14.1146,14.1145,0,0.00,1
14.1234,14.1233,0,0.00,1
14.1293,14.1292,0,0.00,1
14.1375,14.1374,0,0.00,1
14.1463,14.1462,0,0.00,1
14.1542,14.1541,0,0.00,1
14.1638,14.1637,0,0.00,1
14.1706,14.1705,0,0.00,1
14.1774,14.1773,0,0.00,1
14.1843,14.1842,0,0.00,1
14.1925,14.1924,0,0.00,1
14.2013,14.2012,0,0.00,1
14.2095,14.2094,0,0.00,1
14.2233,14.2232,0,0.00,1
14.2317,14.2316,0,0.00,1
14.2393,14.2392,0,0.00,1
14.2475,14.2474,0,0.00,1
14.2563,14.2562,0,0.00,1
14.2633,14.2632,0,0.00,1
14.2713,14.2712,0,0.00,1
14.2806,14.2805,0,0.00,1
14.2873,14.2872,0,0.00,1
14.2953,14.2952,0,0.00,1
14.3032,14.3031,0,0.00,1
14.3112,14.3112,0,0.00,1
14.3183,14.3182,0,0.00,1
14.3263,14.3263,0,0.00,1
14.3346,14.3345,0,0.00,1
14.3423,14.3422,0,0.00,1
14.3493,14.3492,0,0.00,1
14.3575,14.3574,0,0.00,1
14.3643,14.3642,0,0.00,1
14.3726,14.3725,0,0.00,1
14.3784,14.3783,0,0.00,1
14.3866,14.3865,0,0.00,1
14.3954,14.3953,0,0.00,1
14.4017,14.4016,0,0.00,1
14.4093,14.4092,0,0.00,1
14.4167,14.4166,0,0.00,1
14.4253,14.4252,0,0.00,1
14.4337,14.4336,0,0.00,1
14.4423,14.4422,0,0.00,1
14.4503,14.4502,0,0.00,1
14.4573,14.4572,0,0.00,1
14.4633,14.4632,0,0.00,1
14.4722,14.4721,0,0.00,1
14.4815,14.4814,0,0.00,1
14.4903,14.4902,0,0.00,1
14.4996,14.4996,0,0.00,1
14.5064,14.5064,0,0.00,1
14.5173,14.5172,0,0.00,1
14.5243,14.5242,0,0.00,1
14.5304,14.5303,0,0.00,1
14.5377,14.5377,0,0.00,1
14.5452,14.5451,0,0.00,1
14.5534,14.5533,0,0.00,1
14.5617,14.5616,0,0.00,1
14.5703,14.5702,0,0.00,1
14.5786,14.5785,0,0.00,1
14.5854,14.5853,0,0.00,1
14.5943,14.5942,0,0.00,1
14.6025,14.6024,0,0.00,1
14.6113,14.6112,0,0.00,1
14.6183,14.6182,0,0.00,1
14.6253,14.6252,0,0.00,1
14.6334,14.6333,0,0.00,1
14.6402,14.6402,0,0.00,1
14.6486,14.6485,0,0.00,1
14.6572,14.6571,0,0.00,1
14.6637,14.6636,0,0.00,1
14.6723,14.6723,0,0.00,1
14.6808,14.6807,0,0.00,1
14.6892,14.6892,0,0.00,1
14.6974,14.6973,0,0.00,1
14.7043,14.7042,0,0.00,1
14.7133,14.7133,0,0.00,1
14.7216,14.7216,0,0.00,1
14.7283,14.7282,0,0.00,1
14.7355,14.7354,0,0.00,1
14.7423,14.7422,0,0.00,1
14.7504,14.7503,0,0.00,1
14.7594,14.7593,0,0.00,1
14.7664,14.7663,0,0.00,1
14.7753,14.7752,0,0.00,1
14.7835,14.7834,0,0.00,1
14.7893,14.7892,0,0.00,1
14.7974,14.7974,0,0.00,1
14.8055,14.8054,0,0.00,1
14.8136,14.8135,0,0.00,1
14.8223,14.8222,0,0.00,1
14.8305,14.8304,0,0.00,1
14.8385,14.8384,0,0.00,1
14.8453,14.8452,0,0.00,1
14.8516,14.8515,0,0.00,1
14.8593,14.8593,0,0.00,1
14.8663,14.8662,0,0.00,1
14.8744,14.8744,0,0.00,1
14.8832,14.8831,0,0.00,1
14.8913,14.8912,0,0.00,1
14.8983,14.8982,0,0.00,1
14.9053,14.9052,0,0.00,1
14.9123,14.9122,0,0.00,1
14.9203,14.9202,0,0.00,1
14.9284,14.9283,0,0.00,1
14.9355,14.9354,0,0.00,1
14.9444,14.9443,0,0.00,1
14.9523,14.9522,0,0.00,1
14.9594,14.9594,0,0.00,1
14.9674,14.9673,0,0.00,1
14.9743,14.9742,0,0.00,1
14.9815,14.9814,0,0.00,1
14.9903,14.9903,0,0.00,1
14.9983,14.9982,0,0.00,1
15.0046,15.0045,0,0.00,1
15.0134,15.0133,0,0.00,1
15.0214,15.0213,0,0.00,1
15.0277,15.0276,0,0.00,1
15.0353,15.0352,0,0.00,1
15.0423,15.0422,0,0.00,1
15.0502,15.0502,0,0.00,1
15.0583,15.0582,0,0.00,1
15.0664,15.0663,0,0.00,1
15.0734,15.0733,0,0.00,1
15.0814,15.0813,0,0.00,1
15.0893,15.0892,0,0.00,1
15.0973,15.0972,0,0.00,1
15.1054,15.1053,0,0.00,1
15.1133,15.1132,0,0.00,1
15.1213,15.1212,0,0.00,1
15.1292,15.1291,0,0.00,1
15.1373,15.1372,0,0.00,1
15.1444,15.1443,0,0.00,1
15.1513,15.1512,0,0.00,1
15.1596,15.1595,0,0.00,1
15.1664,15.1663,0,0.00,1
15.1745,15.1744,0,0.00,1
15.1815,15.1814,0,0.00,1
15.1904,15.1903,0,0.00,1
15.1976,15.1975,0,0.00,1
15.2043,15.2042,0,0.00,1
15.2126,15.2125,0,0.00,1
15.2214,15.2213,0,0.00,1
15.2298,15.2297,0,0.00,1
15.2373,15.2372,0,0.00,1
15.2446,15.2445,0,0.00,1
15.2524,15.2523,0,0.00,1
15.2613,15.2612,0,0.00,1
15.2703,15.2702,0,0.00,1
15.2793,15.2793,0,0.00,1
15.2884,15.2883,0,0.00,1
15.2954,15.2953,0,0.00,1
15.3017,15.3016,0,0.00,1
15.3094,15.3093,0,0.00,1
15.3182,15.3181,0,0.00,1
15.3266,15.3266,0,0.00,1
15.3344,15.3343,0,0.00,1
15.3424,15.3423,0,0.00,1
15.3514,15.3513,0,0.00,1
15.3595,15.3594,1,1.00,1
15.3675,15.3674,1,1.00,1
15.3764,15.3763,1,1.00,1
15.3855,15.3854,1,1.00,1
15.3944,15.3943,1,1.00,1
15.4017,15.4016,1,1.00,1
15.4093,15.4092,1,1.00,1
15.4174,15.4173,1,1.00,1
15.4264,15.4263,1,1.00,1
15.4354,15.4353,1,1.00,1
15.4437,15.4436,1,1.00,1
15.4523,15.4522,1,1.00,1
15.4595,15.4594,6,6.00,1
15.4674,15.4673,6,6.00,1
15.4755,15.4754,6,6.00,1
15.4834,15.4833,6,6.00,1
15.4907,15.4906,6,6.00,1
15.4984,15.4983,6,6.00,1
15.5064,15.5063,6,6.00,1
15.5147,15.5146,6,6.00,1
15.5214,15.5213,6,6.00,1
15.5285,15.5284,6,6.00,1
15.5373,15.5372,6,6.00,1
15.5456,15.5455,6,6.00,1
15.5533,15.5532,6,6.00,1
15.5613,15.5612,14,14.00,1
15.5762,15.5761,14,14.00,0
15.6865,15.6864,26,26.00,0
15.6964,15.6963,26,26.00,0
15.7502,15.7501,26,26.00,0
15.7745,15.7744,36,36.00,0
15.7835,15.7834,36,36.00,0
15.7893,15.7892,36,36.00,0
15.7963,15.7962,36,36.00,0
15.8033,15.8033,36,36.00,0
15.8102,15.8101,36,36.00,0
15.8172,15.8171,36,36.00,0
15.8243,15.8242,36,36.00,0
15.8313,15.8312,36,36.00,0
15.8382,15.8381,36,36.00,0
15.8453,15.8452,36,36.00,0
15.8523,15.8522,45,45.00,0
15.8585,15.8584,45,45.00,0
15.8655,15.8654,45,45.00,0
15.8723,15.8722,45,45.00,0
15.8793,15.8792,45,45.00,0
15.8866,15.8865,45,45.00,0
15.9558,15.9557,55,55.00,0
15.9637,15.9636,55,55.00,0
15.9915,15.9914,55,55.00,0
15.9976,15.9975,55,55.00,0
16.0096,16.0095,55,55.00,0
16.0265,16.0264,55,55.00,0
16.0332,16.0331,55,55.00,0
16.0402,16.0401,55,55.00,0
16.0471,16.0470,55,55.00,0
16.0544,16.0543,65,65.00,0
16.0665,16.0664,65,65.00,0
16.0753,16.0752,65,65.00,0
16.0823,16.0822,65,65.00,0
16.0902,16.0901,65,65.00,0
16.0972,16.0971,65,65.00,0
16.1065,16.1064,65,65.00,0
16.1134,16.1133,65,65.00,0
16.1203,16.1202,65,65.00,0
16.1265,16.1264,65,65.00,0
16.1332,16.1331,65,65.00,0
16.1403,16.1402,65,65.00,0
16.1472,16.1471,65,65.00,0
16.1542,16.1541,72,72.00,0
16.1612,16.1611,72,72.00,0
16.1671,16.1670,72,72.00,0
16.1733,16.1732,72,72.00,0
16.1803,16.1802,72,72.00,0
16.1871,16.1870,72,72.00,0
16.1943,16.1942,72,72.00,0
16.2013,16.2012,72,72.00,0
16.2073,16.2072,72,72.00,0
16.2143,16.2142,72,72.00,0
16.2234,16.2233,72,72.00,0
16.2303,16.2302,72,72.00,0
16.2375,16.2374,72,72.00,0
16.2453,16.2452,72,72.00,0
16.2525,16.2524,78,78.00,0
16.2604,16.2603,78,78.00,0
16.2676,16.2675,78,78.00,0
16.2737,16.2736,78,78.00,0
16.2808,16.2807,78,78.00,0
16.2920,16.2919,78,78.00,0
16.2994,16.2993,78,78.00,0
16.3068,16.3067,78,78.00,0
16.3144,16.3143,78,78.00,0
16.3235,16.3234,78,78.00,0
16.3314,16.3313,78,78.00,0
16.3387,16.3386,78,78.00,0
16.3465,16.3464,78,78.00,0
16.3537,16.3536,84,84.00,0
16.3613,16.3612,84,84.00,0
16.3683,16.3682,84,84.00,0
16.3764,16.3763,84,84.00,0
16.3835,16.3834,84,84.00,0
16.3923,16.3922,84,84.00,0
16.3996,16.3995,84,84.00,0
16.4072,16.4071,84,84.00,0
16.4144,16.4143,84,84.00,0
16.4236,16.4235,84,84.00,0
16.4313,16.4312,84,84.00,0
16.4398,16.4397,84,84.00,0
16.4473,16.4472,88,88.00,0
16.4563,16.4562,88,88.00,0
16.4635,16.4634,88,88.00,0
16.4714,16.4713,88,88.00,0
16.4787,16.4786,88,88.00,0
16.4866,16.4865,88,88.00,0
16.4946,16.4945,88,88.00,0
16.5024,16.5023,88,88.00,0
16.5103,16.5102,88,88.00,0
16.5184,16.5183,88,88.00,0
16.5257,16.5256,88,88.00,0
16.5325,16.5324,88,88.00,0
16.5404,16.5403,88,88.00,0
16.5476,16.5475,92,92.00,0
16.5583,16.5582,92,92.00,0
16.5660,16.5659,92,92.00,0
16.5755,16.5754,92,92.00,0
16.5834,16.5833,92,92.00,0
16.5914,16.5913,92,92.00,0
16.5990,16.5989,92,92.00,0
16.6093,16.6092,92,92.00,0
16.6166,16.6165,92,92.00,0
16.6279,16.6278,92,92.00,0
16.6444,16.6443,92,92.00,0
16.6513,16.6512,96,96.00,0
16.6583,16.6582,96,96.00,0
16.6653,16.6652,96,96.00,0
16.6738,16.6737,96,96.00,0
16.6842,16.6841,96,96.00,0
16.6935,16.6934,96,96.00,0
16.7024,16.7023,96,96.00,0
16.7103,16.7102,96,96.00,0
16.7183,16.7182,96,96.00,0
16.7270,16.7269,96,96.00,0
16.7345,16.7344,96,96.00,0
16.7425,16.7424,96,96.00,0
16.7500,16.7499,101,101.00,0
16.7579,16.7579,101,101.00,0
16.7673,16.7672,101,101.00,0
16.7763,16.7762,101,101.00,0
16.7833,16.7832,101,101.00,0
16.7896,16.7895,101,101.00,0
16.8000,16.7999,101,101.00,0
16.8095,16.8094,101,101.00,0
16.8166,16.8165,101,101.00,0
16.8268,16.8267,101,101.00,0
16.8395,16.8394,101,101.00,0
16.8468,16.8467,106,106.00,0
16.8542,16.8541,106,106.00,0
16.8650,16.8649,106,106.00,0
16.8734,16.8733,106,106.00,0
16.8798,16.8797,106,106.00,0
16.8867,16.8866,106,106.00,0
16.8965,16.8965,106,106.00,0
16.9076,16.9075,106,106.00,0
16.9149,16.9148,106,106.00,0
16.9245,16.9244,106,106.00,0
16.9313,16.9312,106,106.00,0
16.9403,16.9402,106,106.00,0
16.9477,16.9476,110,110.00,0
16.9547,16.9546,110,110.00,0
16.9616,16.9615,110,110.00,0
16.9685,16.9684,110,110.00,0
16.9754,16.9753,110,110.00,0
16.9821,16.9820,110,110.00,0
16.9923,16.9921,110,110.00,0
16.9987,16.9986,110,110.00,0
17.0105,17.0104,110,110.00,0
17.0181,17.0180,110,110.00,0
17.0254,17.0253,110,110.00,0
17.0345,17.0344,110,110.00,0
17.0414,17.0413,110,110.00,0
17.0487,17.0486,114,114.00,0
17.0567,17.0566,114,114.00,0
17.0643,17.0642,114,114.00,0
17.0723,17.0722,114,114.00,0
17.0794,17.0793,114,114.00,0
17.0868,17.0867,114,114.00,0
17.0944,17.0943,114,114.00,0
17.1015,17.1014,114,114.00,0
17.1094,17.1093,114,114.00,0
17.1167,17.1166,114,114.00,0
17.1267,17.1266,114,114.00,0
17.1344,17.1343,114,114.00,0
17.1423,17.1422,114,114.00,0
17.1496,17.1495,116,116.00,0
17.1574,17.1573,116,116.00,0
17.1644,17.1643,116,116.00,0
17.1734,17.1733,116,116.00,0
17.1814,17.1813,116,116.00,0
17.1907,17.1906,116,116.00,0
17.1983,17.1982,116,116.00,0
17.2066,17.2065,116,116.00,0
17.2134,17.2133,116,116.00,0
17.2213,17.2213,116,116.00,0
17.2286,17.2285,116,116.00,0
17.2364,17.2363,116,116.00,0
17.2435,17.2434,117,117.00,0
17.2506,17.2505,117,117.00,0
17.2573,17.2572,117,117.00,0
17.2644,17.2643,117,117.00,0
17.2804,17.2803,117,117.00,0
17.2871,17.2870,117,117.00,0
17.2954,17.2953,117,117.00,0
17.3026,17.3025,117,117.00,0
17.3114,17.3113,117,117.00,0
17.3187,17.3186,117,117.00,0
17.3283,17.3282,117,117.00,0
17.3353,17.3352,117,117.00,0
17.3453,17.3452,117,117.00,0
17.3525,17.3524,117,117.00,0
17.3615,17.3614,117,117.00,0
17.3686,17.3685,117,117.00,0
17.3773,17.3772,117,117.00,0
17.3844,17.3843,117,117.00,0
17.3924,17.3923,117,117.00,0
17.3997,17.3997,117,117.00,0
17.4104,17.4103,117,117.00,0
17.4173,17.4172,117,117.00,0
17.4267,17.4266,117,117.00,0
17.4344,17.4343,117,117.00,0
17.4426,17.4425,117,117.00,0
17.4504,17.4503,117,117.00,0
17.4586,17.4585,117,117.00,0
17.4653,17.4652,117,117.00,0
17.4745,17.4744,117,117.00,0
17.4823,17.4822,117,117.00,0
17.4927,17.4925,117,117.00,0
17.4995,17.4994,117,117.00,0
17.5073,17.5072,117,117.00,0
17.5146,17.5144,117,117.00,0
17.5266,17.5265,117,117.00,0
17.5344,17.5343,117,117.00,0
17.5419,17.5418,117,117.00,0
17.5493,17.5492,117,117.00,0
17.5603,17.5602,117,117.00,0
17.5666,17.5665,117,117.00,0
17.5754,17.5753,117,117.00,0
17.5824,17.5823,117,117.00,0
17.5916,17.5915,117,117.00,0
17.5984,17.5983,117,117.00,0
17.6094,17.6093,117,117.00,0
17.6163,17.6162,117,117.00,0
17.6266,17.6265,117,117.00,0
17.6337,17.6335,117,117.00,0
17.6434,17.6433,117,117.00,0
17.6504,17.6503,117,117.00,0
17.6594,17.6593,117,117.00,0
17.6667,17.6666,117,117.00,0
17.6747,17.6746,117,117.00,0
17.6823,17.6822,117,117.00,0
17.6916,17.6915,117,117.00,0
17.6983,17.6982,117,117.00,0
17.7072,17.7071,117,117.00,0
17.7143,17.7142,117,117.00,0
17.7266,17.7265,117,117.00,0
17.7337,17.7336,117,117.00,0
17.7424,17.7423,117,117.00,0
17.7495,17.7494,117,117.00,0
17.7608,17.7606,117,117.00,0
17.7681,17.7680,117,117.00,0
17.7754,17.7753,117,117.00,0
17.7826,17.7825,117,117.00,0
17.7923,17.7922,117,117.00,0
17.7995,17.7994,117,117.00,0
17.8095,17.8094,117,117.00,0
17.8164,17.8162,117,117.00,0
17.8254,17.8253,117,117.00,0
17.8334,17.8333,117,117.00,0
17.8404,17.8403,117,117.00,0
17.8484,17.8483,117,117.00,0
17.8567,17.8566,117,117.00,0
17.8643,17.8642,117,117.00,0
17.8763,17.8762,117,117.00,0
17.8834,17.8832,117,117.00,0
17.8924,17.8923,117,117.00,0
17.8985,17.8984,117,117.00,0
17.9104,17.9103,117,117.00,0
17.9165,17.9164,117,117.00,0
17.9254,17.9253,117,117.00,0
17.9316,17.9315,117,117.00,0
17.9434,17.9433,117,117.00,0
17.9505,17.9504,117,117.00,0
17.9594,17.9593,117,117.00,0
17.9666,17.9665,117,117.00,0
17.9765,17.9764,117,117.00,0
17.9837,17.9836,117,117.00,0
17.9924,17.9923,117,117.00,0
17.9996,17.9995,117,117.00,0
18.0086,18.0085,117,117.00,0
18.0154,18.0153,117,117.00,0
18.0266,18.0265,117,117.00,0
18.0337,18.0336,117,117.00,0
18.0434,18.0432,117,117.00,0
18.0497,18.0496,117,117.00,0
18.0604,18.0603,117,117.00,0
18.0671,18.0670,117,117.00,0
18.0766,18.0765,117,117.00,0
18.0844,18.0843,117,117.00,0
18.0917,18.0916,117,117.00,0
18.0988,18.0987,117,117.00,0
18.1072,18.1071,117,117.00,0
18.1143,18.1142,117,117.00,0
18.1223,18.1222,117,117.00,0
18.1293,18.1292,117,117.00,0
18.1364,18.1363,117,117.00,0
18.1434,18.1433,117,117.00,0
18.1495,18.1494,117,117.00,0
18.1567,18.1566,117,117.00,0
18.1635,18.1634,117,117.00,0
18.1706,18.1705,117,117.00,0
18.1778,18.1777,117,117.00,0
18.1853,18.1852,117,117.00,0
18.1925,18.1924,117,117.00,0
18.2003,18.2002,117,117.00,0
18.2073,18.2072,117,117.00,0
18.2145,18.2144,117,117.00,0
18.2233,18.2232,117,117.00,0
18.2305,18.2303,117,117.00,0
18.2378,18.2376,117,117.00,0
18.2443,18.2442,117,117.00,0
18.2514,18.2513,117,117.00,0
18.2584,18.2582,117,117.00,0
18.2673,18.2672,117,117.00,0
18.2735,18.2734,117,117.00,0
18.2830,18.2829,117,117.00,0
18.2924,18.2923,117,117.00,0
18.2998,18.2997,117,117.00,0
18.3089,18.3088,117,117.00,0
18.3184,18.3182,117,117.00,0
18.3256,18.3255,117,117.00,0
18.3329,18.3328,117,117.00,0
18.3415,18.3414,117,117.00,0
18.3483,18.3482,117,117.00,0
18.3574,18.3573,117,117.00,0
18.3647,18.3645,117,117.00,0
18.3765,18.3764,117,117.00,0
18.3838,18.3837,117,117.00,0
18.3933,18.3932,117,117.00,0
18.4007,18.4006,117,117.00,0
18.4096,18.4094,117,117.00,0
18.4174,18.4173,117,117.00,0
18.4248,18.4247,117,117.00,0
18.4316,18.4315,117,117.00,0
18.4414,18.4413,117,117.00,0
18.4497,18.4496,117,117.00,0
18.4573,18.4572,117,117.00,0
18.4647,18.4646,117,117.00,0
18.4749,18.4748,117,117.00,0
18.4844,18.4842,117,117.00,0
18.4934,18.4933,117,117.00,0
18.5024,18.5023,117,117.00,0
18.5103,18.5102,117,117.00,0
18.5175,18.5174,117,117.00,0
18.5266,18.5265,117,117.00,0
18.5344,18.5343,116,116.00,0
18.5424,18.5423,116,116.00,0
18.5496,18.5495,116,116.00,0
18.5574,18.5573,116,116.00,0
18.5647,18.5646,116,116.00,0
18.5744,18.5743,116,116.00,0
18.5825,18.5824,116,116.00,0
18.5916,18.5915,116,116.00,0
18.5996,18.5995,116,116.00,0
18.6105,18.6104,116,116.00,0
18.6183,18.6182,116,116.00,0
18.6255,18.6253,116,116.00,0
18.6333,18.6332,116,116.00,0
18.6403,18.6402,116,116.00,0
18.6475,18.6474,116,116.00,0
18.6584,18.6583,116,116.00,0
18.6654,18.6653,116,116.00,0
18.6745,18.6744,116,116.00,0
18.6814,18.6813,116,116.00,0
18.6923,18.6922,116,116.00,0
18.6997,18.6996,116,116.00,0
18.7094,18.7093,116,116.00,0
18.7164,18.7163,116,116.00,0
18.7237,18.7236,116,116.00,0
18.7314,18.7313,116,116.00,0
18.7417,18.7416,114,114.00,0
18.7502,18.7501,114,114.00,0
18.7585,18.7584,114,114.00,0
18.7667,18.7666,114,114.00,0
18.7735,18.7733,114,114.00,0
18.7807,18.7806,114,114.00,0
18.7905,18.7904,114,114.00,0
18.7982,18.7980,114,114.00,0
18.8104,18.8103,114,114.00,0
18.8174,18.8173,114,114.00,0
18.8266,18.8265,114,114.00,0
18.8345,18.8343,112,112.00,0
18.8435,18.8434,112,112.00,0
18.8515,18.8514,112,112.00,0
18.8588,18.8587,112,112.00,0
18.8673,18.8672,112,112.00,0
18.8754,18.8753,112,112.00,0
18.8834,18.8833,112,112.00,0
18.8916,18.8915,112,112.00,0
18.8994,18.8993,112,112.00,0
18.9087,18.9086,112,112.00,0
18.9165,18.9163,112,112.00,0
18.9255,18.9254,112,112.00,0
18.9334,18.9333,111,111.00,0
18.9404,18.9403,111,111.00,0
18.9473,18.9472,111,111.00,0
18.9586,18.9585,111,111.00,0
18.9654,18.9653,111,111.00,0
18.9733,18.9732,111,111.00,0
18.9806,18.9804,111,111.00,0
18.9905,18.9904,111,111.00,0
19.0000,18.9999,111,111.00,0
19.0073,19.0072,111,111.00,0
19.0165,19.0164,111,111.00,0
19.0266,19.0265,111,111.00,0
19.0344,19.0343,109,109.00,0
19.0423,19.0421,109,109.00,0
19.0486,19.0485,109,109.00,0
19.0579,19.0577,109,109.00,0
19.0655,19.0653,109,109.00,0
19.0745,19.0744,109,109.00,0
19.0807,19.0806,109,109.00,0
19.0904,19.0903,109,109.00,0
19.0976,19.0975,109,109.00,0
19.1067,19.1066,109,109.00,0
19.1135,19.1133,109,109.00,0
19.1214,19.1213,109,109.00,0
19.1287,19.1286,109,109.00,0
19.1365,19.1364,108,108.00,0
19.1438,19.1437,108,108.00,0
19.1515,19.1514,108,108.00,0
19.1582,19.1581,108,108.00,0
19.1666,19.1665,108,108.00,0
19.1743,19.1742,108,108.00,0
19.1824,19.1822,108,108.00,0
19.1904,19.1903,108,108.00,0
19.1975,19.1974,108,108.00,0
19.2073,19.2071,108,108.00,0
19.2150,19.2149,108,108.00,0
19.2255,19.2254,108,108.00,0
19.2344,19.2343,107,107.00,0
19.2433,19.2432,107,107.00,0
19.2504,19.2503,107,107.00,0
19.2574,19.2573,107,107.00,0
19.2646,19.2645,107,107.00,0
19.2734,19.2732,107,107.00,0
19.2806,19.2804,107,107.00,0
19.2905,19.2904,107,107.00,0
19.2984,19.2983,107,107.00,0
19.3077,19.3076,107,107.00,0
19.3144,19.3143,107,107.00,0
19.3244,19.3243,107,107.00,0
19.3324,19.3323,106,106.00,0
19.3434,19.3433,106,106.00,0
19.3507,19.3506,106,106.00,0
19.3584,19.3583,106,106.00,0
19.3657,19.3656,106,106.00,0
19.3735,19.3734,106,106.00,0
19.3813,19.3812,106,106.00,0
19.3913,19.3912,106,106.00,0
19.3977,19.3976,106,106.00,0
19.4068,19.4066,106,106.00,0
19.4143,19.4142,106,106.00,0
19.4235,19.4234,106,106.00,0
19.4337,19.4336,104,104.00,0
19.4427,19.4426,104,104.00,0
19.4504,19.4502,104,104.00,0
19.4604,19.4602,104,104.00,0
19.4675,19.4674,104,104.00,0
19.4754,19.4753,104,104.00,0
19.4824,19.4823,104,104.00,0
19.4905,19.4904,104,104.00,0
19.4977,19.4976,104,104.00,0
19.5075,19.5074,104,104.00,0
19.5148,19.5146,104,104.00,0
19.5235,19.5234,104,104.00,0
19.5314,19.5313,103,103.00,0
19.5434,19.5432,103,103.00,0
19.5499,19.5498,103,103.00,0
19.5595,19.5594,103,103.00,0
19.5672,19.5671,103,103.00,0
19.5734,19.5733,103,103.00,0
19.5807,19.5806,103,103.00,0
19.5905,19.5904,103,103.00,0
19.5985,19.5984,103,103.00,0
19.6076,19.6075,103,103.00,0
19.6154,19.6153,103,103.00,0
19.6263,19.6263,103,103.00,0
19.6344,19.6343,102,102.00,0
19.6435,19.6434,102,102.00,0
19.6504,19.6503,102,102.00,0
19.6605,19.6604,102,102.00,0
19.6677,19.6676,102,102.00,0
19.6754,19.6753,102,102.00,0
19.6825,19.6824,102,102.00,0
19.6903,19.6902,102,102.00,0
19.6964,19.6963,102,102.00,0
19.7034,19.7032,102,102.00,0
19.7104,19.7103,102,102.00,0
19.7175,19.7174,102,102.00,0
19.7250,19.7249,102,102.00,0
19.7318,19.7317,101,101.00,0
19.7428,19.7427,101,101.00,0
19.7504,19.7502,101,101.00,0
19.7593,19.7592,101,101.00,0
19.7667,19.7666,101,101.00,0
19.7747,19.7745,101,101.00,0
19.7814,19.7812,101,101.00,0
19.7913,19.7911,101,101.00,0
19.7974,19.7973,101,101.00,0
19.8078,19.8076,101,101.00,0
19.8154,19.8153,101,101.00,0
19.8237,19.8235,101,101.00,0
19.8325,19.8324,100,100.00,0
19.8425,19.8423,100,100.00,0
19.8503,19.8502,100,100.00,0
19.8595,19.8594,100,100.00,0
19.8666,19.8665,100,100.00,0
19.8744,19.8743,100,100.00,0
19.8803,19.8802,100,100.00,0
19.8874,19.8873,100,100.00,0
19.8945,19.8943,100,100.00,0
19.9017,19.9016,100,100.00,0
19.9094,19.9093,100,100.00,0
19.9163,19.9162,100,100.00,0
19.9235,19.9234,99,99.00,0
19.9307,19.9306,99,99.00,0
19.9437,19.9436,99,99.00,0
19.9503,19.9502,99,99.00,0
19.9594,19.9593,99,99.00,0
19.9672,19.9671,99,99.00,0
19.9767,19.9766,99,99.00,0
19.9834,19.9833,99,99.00,0
19.9924,19.9923,99,99.00,0
19.9996,19.9995,99,99.00,0
20.0073,20.0072,99,99.00,0
20.0146,20.0145,99,99.00,0
20.0234,20.0233,98,98.00,0
20.0305,20.0303,98,98.00,0
20.0413,20.0412,98,98.00,0
20.0492,20.0491,98,98.00,0
20.0583,20.0581,98,98.00,0
20.0653,20.0652,98,98.00,0
20.0745,20.0744,98,98.00,0
20.0813,20.0812,98,98.00,0
20.0905,20.0903,98,98.00,0
20.0973,20.0972,98,98.00,0
20.1072,20.1071,98,98.00,0
20.1144,20.1142,98,98.00,0
20.1244,20.1243,98,98.00,0
20.1313,20.1312,98,98.00,0
20.1404,20.1403,98,98.00,0
20.1472,20.1471,98,98.00,0
20.1572,20.1571,98,98.00,0
20.1671,20.1670,98,98.00,0
20.1762,20.1761,98,98.00,0
20.1865,20.1864,98,98.00,0
20.1935,20.1934,98,98.00,0
20.2004,20.2003,98,98.00,0
20.2073,20.2071,98,98.00,0
20.2148,20.2147,98,98.00,0
20.2236,20.2235,97,97.00,0
20.2306,20.2304,97,97.00,0
20.2406,20.2405,97,97.00,0
20.2474,20.2473,97,97.00,0
20.2566,20.2564,97,97.00,0
20.2635,20.2633,97,97.00,0
20.2703,20.2702,97,97.00,0
20.2773,20.2771,97,97.00,0
20.2843,20.2842,97,97.00,0
20.2915,20.2914,97,97.00,0
20.2984,20.2983,97,97.00,0
20.3066,20.3065,97,97.00,0
20.3135,20.3133,97,97.00,0
20.3206,20.3204,96,96.00,0
20.3282,20.3281,96,96.00,0
20.3356,20.3355,96,96.00,0
20.3425,20.3424,96,96.00,0
20.3495,20.3494,96,96.00,0
20.3574,20.3573,96,96.00,0
20.3644,20.3643,96,96.00,0
20.3774,20.3773,96,96.00,0
20.3846,20.3844,96,96.00,0
20.3933,20.3932,96,96.00,0
20.4006,20.4005,96,96.00,0
20.4083,20.4082,96,96.00,0
20.4154,20.4152,96,96.00,0
20.4235,20.4234,95,95.00,0
20.4314,20.4313,95,95.00,0
20.4405,20.4404,95,95.00,0
20.4482,20.4481,95,95.00,0
20.4578,20.4577,95,95.00,0
20.4666,20.4665,95,95.00,0
20.4734,20.4733,95,95.00,0
20.4806,20.4805,95,95.00,0
20.4938,20.4937,95,95.00,0
20.5014,20.5013,95,95.00,0
20.5095,20.5094,95,95.00,0
20.5185,20.5183,95,95.00,0
20.5256,20.5255,94,94.00,0
20.5334,20.5332,94,94.00,0
20.5405,20.5403,94,94.00,0
20.5473,20.5472,94,94.00,0
20.5574,20.5572,94,94.00,0
20.5645,20.5644,94,94.00,0
20.5735,20.5734,94,94.00,0
20.5814,20.5813,94,94.00,0
20.5934,20.5932,94,94.00,0
20.6006,20.6005,94,94.00,0
20.6103,20.6102,94,94.00,0
20.6174,20.6173,94,94.00,0
20.6255,20.6254,93,93.00,0
20.6334,20.6333,93,93.00,0
20.6414,20.6413,93,93.00,0
20.6492,20.6490,93,93.00,0
20.6574,20.6573,93,93.00,0
20.6657,20.6655,93,93.00,0
20.6749,20.6748,93,93.00,0
20.6814,20.6812,93,93.00,0
20.6935,20.6934,93,93.00,0
20.7016,20.7015,93,93.00,0
20.7096,20.7094,93,93.00,0
20.7164,20.7163,93,93.00,0
20.7236,20.7235,92,92.00,0
20.7313,20.7312,92,92.00,0
20.7405,20.7403,92,92.00,0
20.7473,20.7471,92,92.00,0
20.7574,20.7572,92,92.00,0
20.7652,20.7652,92,92.00,0
20.7745,20.7744,92,92.00,0
20.7824,20.7822,92,92.00,0
20.7923,20.7922,92,92.00,0
20.8000,20.7999,92,92.00,0
20.8103,20.8102,92,92.00,0
20.8178,20.8177,92,92.00,0
20.8254,20.8252,92,92.00,0
20.8325,20.8323,92,92.00,0
20.8404,20.8403,92,92.00,0
20.8476,20.8475,92,92.00,0
20.8567,20.8566,92,92.00,0
20.8644,20.8643,92,92.00,0
20.8744,20.8743,92,92.00,0
20.8826,20.8825,92,92.00,0
20.8917,20.8915,92,92.00,0
20.8985,20.8984,92,92.00,0
20.9104,20.9102,92,92.00,0
20.9176,20.9175,91,91.00,0
20.9272,20.9271,91,91.00,0
20.9344,20.9343,91,91.00,0
20.9422,20.9421,91,91.00,0
20.9494,20.9492,91,91.00,0
20.9567,20.9566,91,91.00,0
20.9643,20.9642,91,91.00,0
20.9745,20.9744,91,91.00,0
20.9814,20.9813,91,91.00,0
20.9914,20.9913,91,91.00,0
20.9987,20.9986,91,91.00,0
21.0083,21.0081,91,91.00,0
21.0163,21.0162,90,90.00,0
21.0257,21.0255,90,90.00,0
21.0333,21.0332,90,90.00,0
21.0408,21.0407,90,90.00,0
21.0735,21.0734,90,90.00,0
21.0807,21.0806,90,90.00,0
21.0904,21.0902,90,90.00,0
21.0965,21.0963,90,90.00,0
21.1037,21.1036,90,90.00,0
21.1114,21.1113,90,90.00,0
21.1184,21.1183,90,90.00,0
21.1257,21.1256,90,90.00,0
21.1333,21.1332,90,90.00,0
21.1415,21.1414,90,90.00,0
21.1493,21.1492,90,90.00,0
21.1574,21.1572,90,90.00,0
21.1643,21.1642,90,90.00,0
21.1734,21.1733,90,90.00,0
21.1797,21.1796,90,90.00,0
21.1871,21.1870,90,90.00,0
21.1944,21.1942,90,90.00,0
21.2016,21.2015,90,90.00,0
21.2086,21.2085,90,90.00,0
21.2163,21.2162,89,89.00,0
21.2266,21.2264,89,89.00,0
21.2333,21.2332,89,89.00,0
21.2423,21.2422,89,89.00,0
21.2495,21.2494,89,89.00,0
21.2574,21.2572,89,89.00,0
21.2645,21.2644,89,89.00,0
21.2743,21.2742,89,89.00,0
21.2813,21.2812,89,89.00,0
21.2896,21.2894,89,89.00,0
21.2967,21.2966,89,89.00,0
21.3028,21.3027,89,89.00,0
21.3103,21.3102,89,89.00,0
21.3176,21.3174,88,88.00,0
21.3272,21.3271,88,88.00,0
21.3344,21.3342,88,88.00,0
21.3434,21.3433,88,88.00,0
21.3508,21.3506,88,88.00,0
21.3585,21.3584,88,88.00,0
21.3654,21.3653,88,88.00,0
21.3735,21.3734,88,88.00,0
21.3807,21.3806,88,88.00,0
21.3904,21.3902,88,88.00,0
21.3974,21.3973,88,88.00,0
21.4073,21.4072,88,88.00,0
21.4149,21.4148,87,87.00,0
21.4234,21.4232,87,87.00,0
21.4307,21.4306,87,87.00,0
21.4434,21.4433,87,87.00,0
21.4514,21.4512,87,87.00,0
21.4585,21.4584,87,87.00,0
21.4647,21.4646,87,87.00,0
21.4748,21.4746,87,87.00,0
21.4818,21.4816,87,87.00,0
21.4915,21.4913,87,87.00,0
21.4984,21.4983,87,87.00,0
21.5086,21.5085,87,87.00,0
21.5184,21.5183,87,87.00,0
21.5266,21.5265,87,87.00,0
21.5333,21.5332,87,87.00,0
21.5425,21.5424,87,87.00,0
21.5488,21.5487,87,87.00,0
21.5575,21.5574,87,87.00,0
21.5654,21.5653,87,87.00,0
21.5745,21.5743,87,87.00,0
21.5825,21.5823,87,87.00,0
21.5903,21.5902,87,87.00,0
21.5976,21.5974,87,87.00,0
21.6076,21.6075,87,87.00,0
21.6146,21.6145,86,86.00,0
21.6255,21.6254,86,86.00,0
21.6345,21.6344,86,86.00,0
21.6444,21.6442,86,86.00,0
21.6513,21.6512,86,86.00,0
21.6587,21.6585,86,86.00,0
21.6654,21.6652,86,86.00,0
21.6742,21.6740,86,86.00,0
21.6816,21.6815,86,86.00,0
21.6905,21.6904,86,86.00,0
21.6975,21.6973,86,86.00,0
21.7067,21.7066,86,86.00,0
21.7144,21.7143,85,85.00,0
21.7235,21.7233,85,85.00,0
21.7320,21.7319,85,85.00,0
21.7405,21.7403,85,85.00,0
21.7498,21.7496,85,85.00,0
21.7603,21.7602,85,85.00,0
21.7676,21.7675,85,85.00,0
21.7753,21.7752,85,85.00,0
21.7833,21.7832,85,85.00,0
21.7904,21.7902,85,85.00,0
21.7977,21.7975,85,85.00,0
21.8073,21.8072,85,85.00,0
21.8146,21.8145,84,84.00,0
21.8237,21.8235,84,84.00,0
21.8358,21.8356,84,84.00,0
21.8434,21.8433,84,84.00,0
21.8506,21.8505,84,84.00,0
21.8603,21.8602,84,84.00,0
21.8676,21.8675,84,84.00,0
21.8753,21.8752,84,84.00,0
21.8815,21.8814,84,84.00,0
21.8914,21.8913,84,84.00,0
21.8998,21.8997,84,84.00,0
21.9084,21.9082,84,84.00,0
21.9155,21.9154,84,84.00,0
21.9234,21.9233,84,84.00,0
21.9306,21.9305,84,84.00,0
21.9405,21.9403,84,84.00,0
21.9489,21.9487,84,84.00,0
21.9604,21.9602,84,84.00,0
21.9672,21.9671,84,84.00,0
21.9754,21.9753,84,84.00,0
21.9826,21.9824,84,84.00,0
21.9903,21.9902,84,84.00,0
21.9975,21.9973,84,84.00,0
22.0073,22.0072,84,84.00,0
22.0145,22.0144,83,83.00,0
22.0234,22.0233,83,83.00,0
22.0306,22.0305,83,83.00,0
22.0415,22.0414,83,83.00,0
22.0507,22.0505,83,83.00,0
22.0586,22.0584,83,83.00,0
22.0672,22.0671,83,83.00,0
22.0764,22.0762,83,83.00,0
22.0834,22.0832,83,83.00,0
22.0915,22.0913,83,83.00,0
22.0984,22.0982,83,83.00,0
22.1087,22.1086,82,82.00,0
22.1164,22.1163,82,82.00,0
22.1234,22.1232,82,82.00,0
22.1306,22.1304,82,82.00,0
22.1404,22.1402,82,82.00,0
22.1476,22.1474,82,82.00,0
22.1575,22.1574,82,82.00,0
22.1656,22.1654,82,82.00,0
22.1764,22.1763,82,82.00,0
22.1838,22.1837,82,82.00,0
22.1934,22.1933,82,82.00,0
22.1997,22.1996,82,82.00,0
22.2084,22.2083,81,81.00,0
22.2158,22.2157,81,81.00,0
22.2244,22.2243,81,81.00,0
22.2320,22.2319,81,81.00,0
22.2405,22.2404,81,81.00,0
22.2475,22.2473,81,81.00,0
22.2573,22.2572,81,81.00,0
22.2655,22.2654,81,81.00,0
22.2733,22.2732,81,81.00,0
22.2806,22.2805,81,81.00,0
22.2935,22.2934,81,81.00,0
22.3013,22.3011,81,81.00,0
22.3078,22.3076,81,81.00,0
22.3154,22.3153,81,81.00,0
22.3234,22.3233,81,81.00,0
22.3316,22.3314,81,81.00,0
22.3415,22.3413,81,81.00,0
22.3484,22.3483,81,81.00,0
22.3567,22.3566,81,81.00,0
22.3644,22.3643,81,81.00,0
22.3754,22.3752,81,81.00,0
22.3834,22.3832,81,81.00,0
22.3925,22.3924,81,81.00,0
22.3993,22.3992,81,81.00,0
22.4105,22.4104,80,80.00,0
22.4175,22.4174,80,80.00,0
22.4259,22.4257,80,80.00,0
22.4334,22.4333,80,80.00,0
22.4415,22.4414,80,80.00,0
22.4482,22.4481,80,80.00,0
22.4568,22.4566,80,80.00,0
22.4645,22.4644,80,80.00,0
22.4738,22.4737,80,80.00,0
22.4817,22.4816,80,80.00,0
22.4905,22.4903,80,80.00,0
22.4984,22.4983,80,80.00,0
22.5095,22.5093,79,79.00,0
22.5164,22.5163,79,79.00,0
22.5266,22.5265,79,79.00,0
22.5335,22.5334,79,79.00,0
22.5403,22.5402,79,79.00,0
22.5472,22.5471,79,79.00,0
22.5574,22.5573,79,79.00,0
22.5645,22.5644,79,79.00,0
22.5744,22.5743,79,79.00,0
22.5858,22.5857,79,79.00,0
22.5934,22.5932,79,79.00,0
22.5995,22.5993,79,79.00,0
22.6094,22.6093,79,79.00,0
22.6164,22.6162,79,79.00,0
22.6251,22.6250,79,79.00,0
22.6314,22.6313,79,79.00,0
22.6405,22.6403,79,79.00,0
22.6474,22.6473,79,79.00,0
22.6568,22.6566,79,79.00,0
22.6644,22.6643,79,79.00,0
22.6736,22.6735,79,79.00,0
22.6813,22.6812,79,79.00,0
22.6923,22.6922,79,79.00,0
22.7005,22.7003,79,79.00,0
22.7095,22.7093,78,78.00,0
22.7164,22.7163,78,78.00,0
22.7267,22.7265,78,78.00,0
22.7333,22.7332,78,78.00,0
22.7403,22.7402,78,78.00,0
22.7476,22.7475,78,78.00,0
22.7574,22.7572,78,78.00,0
22.7654,22.7653,78,78.00,0
22.7735,22.7734,78,78.00,0
22.7813,22.7812,78,78.00,0
22.7914,22.7913,78,78.00,0
22.7990,22.7988,78,78.00,0
22.8093,22.8091,77,77.00,0
22.8174,22.8172,77,77.00,0
22.8267,22.8266,77,77.00,0
22.8344,22.8342,77,77.00,0
22.8425,22.8424,77,77.00,0
22.8505,22.8503,77,77.00,0
22.8584,22.8583,77,77.00,0
22.8646,22.8645,77,77.00,0
22.8734,22.8732,77,77.00,0
22.8808,22.8806,77,77.00,0
22.8917,22.8921,77,77.00,0
22.9019,22.9018,77,77.00,0
22.9124,22.9122,77,77.00,0
22.9193,22.9192,77,77.00,0
22.9266,22.9265,77,77.00,0
22.9323,22.9322,77,77.00,0
22.9415,22.9413,77,77.00,0
22.9494,22.9493,77,77.00,0
22.9575,22.9573,77,77.00,0
22.9656,22.9655,77,77.00,0
22.9756,22.9754,77,77.00,0
22.9834,22.9833,77,77.00,0
22.9916,22.9915,77,77.00,0
22.9995,22.9999,77,77.00,0
23.0084,23.0083,76,76.00,0
23.0156,23.0154,76,76.00,0
23.0268,23.0267,76,76.00,0
23.0333,23.0332,76,76.00,0
23.0424,23.0422,76,76.00,0
23.0495,23.0493,76,76.00,0
23.0574,23.0572,76,76.00,0
23.0645,23.0643,76,76.00,0
23.0733,23.0732,76,76.00,0
23.0821,23.0819,76,76.00,0
23.0915,23.0914,76,76.00,0
23.0987,23.0986,76,76.00,0
23.1072,23.1071,75,75.00,0
23.1186,23.1185,75,75.00,0
23.1266,23.1265,75,75.00,0
23.1343,23.1342,75,75.00,0
23.1433,23.1432,75,75.00,0
23.1497,23.1496,75,75.00,0
23.1574,23.1572,75,75.00,0
23.1646,23.1645,75,75.00,0
23.1745,23.1743,75,75.00,0
23.1818,23.1816,75,75.00,0
23.1919,23.1917,75,75.00,0
23.1999,23.1998,75,75.00,0
23.2067,23.2065,74,74.00,0
23.2137,23.2136,74,74.00,0
23.2215,23.2214,74,74.00,0
23.2294,23.2292,74,74.00,0
23.2367,23.2365,74,74.00,0
23.2433,23.2432,74,74.00,0
23.2505,23.2504,74,74.00,0
23.2596,23.2595,74,74.00,0
23.2666,23.2664,74,74.00,0
23.2744,23.2742,74,74.00,0
23.2830,23.2829,74,74.00,0
23.2905,23.2904,74,74.00,0
23.2983,23.2982,74,74.00,0
23.3082,23.3081,74,74.00,0
23.3164,23.3163,74,74.00,0
23.3246,23.3244,74,74.00,0
23.3324,23.3322,74,74.00,0
23.3433,23.3432,74,74.00,0
23.3504,23.3502,74,74.00,0
23.3597,23.3595,74,74.00,0
23.3672,23.3670,74,74.00,0
23.3744,23.3742,74,74.00,0
23.3816,23.3815,74,74.00,0
23.3903,23.3902,74,74.00,0
23.3985,23.3983,74,74.00,0
23.4086,23.4084,73,73.00,0
23.4165,23.4163,73,73.00,0
23.4255,23.4254,73,73.00,0
23.4344,23.4342,73,73.00,0
23.4433,23.4432,73,73.00,0
23.4497,23.4496,73,73.00,0
23.4594,23.4592,73,73.00,0
23.4667,23.4665,73,73.00,0
23.4744,23.4743,73,73.00,0
23.4818,23.4817,73,73.00,0
23.4914,23.4912,73,73.00,0
23.4983,23.4982,72,72.00,0
23.5076,23.5074,72,72.00,0
23.5146,23.5145,72,72.00,0
23.5245,23.5244,72,72.00,0
23.5325,23.5324,72,72.00,0
23.5404,23.5419,72,72.00,0
23.5486,23.5485,72,72.00,0
23.5605,23.5603,72,72.00,0
23.5677,23.5676,72,72.00,0
23.5744,23.5742,72,72.00,0
23.5814,23.5813,72,72.00,0
23.5897,23.5896,72,72.00,0
23.5974,23.5972,72,72.00,0
23.6072,23.6071,72,72.00,0
23.6144,23.6143,72,72.00,0
23.6253,23.6251,72,72.00,0
23.6384,23.6383,72,72.00,0
23.6452,23.6451,72,72.00,0
23.6523,23.6522,72,72.00,0
23.6592,23.6591,72,72.00,0
23.6665,23.6664,72,72.00,0
23.6733,23.6732,72,72.00,0
23.6794,23.6793,72,72.00,0
23.6866,23.6864,72,72.00,0
23.6934,23.6933,72,72.00,0
23.7003,23.7002,71,71.00,0
23.7071,23.7069,71,71.00,0
23.7143,23.7141,71,71.00,0
23.7243,23.7241,71,71.00,0
23.7313,23.7312,71,71.00,0
23.7403,23.7401,71,71.00,0
23.7473,23.7471,71,71.00,0
23.7595,23.7594,71,71.00,0
23.7672,23.7670,71,71.00,0
23.7763,23.7762,71,71.00,0
23.7835,23.7834,71,71.00,0
23.7906,23.7904,71,71.00,0
23.7978,23.7976,70,70.00,0
23.8082,23.8081,70,70.00,0
23.8157,23.8156,70,70.00,0
23.8235,23.8234,70,70.00,0
23.8313,23.8312,70,70.00,0
23.8415,23.8414,70,70.00,0
23.8487,23.8486,70,70.00,0
23.8604,23.8603,70,70.00,0
23.8677,23.8675,70,70.00,0
23.8765,23.8763,70,70.00,0
23.8837,23.8835,70,70.00,0
23.8903,23.8902,70,70.00,0
23.8976,23.8974,69,69.00,0
23.9074,23.9073,69,69.00,0
23.9144,23.9143,69,69.00,0
23.9233,23.9231,69,69.00,0
23.9306,23.9304,69,69.00,0
23.9415,23.9414,69,69.00,0
23.9497,23.9495,69,69.00,0
23.9576,23.9574,69,69.00,0
23.9655,23.9654,69,69.00,0
23.9757,23.9756,69,69.00,0
23.9824,23.9823,69,69.00,0
23.9904,23.9902,69,69.00,0
23.9976,23.9974,68,68.00,0
24.0076,24.0074,68,68.00,0
24.0155,24.0154,68,68.00,0
24.0253,24.0252,68,68.00,0
24.0326,24.0325,68,68.00,0
24.0404,24.0403,68,68.00,0
24.0477,24.0476,68,68.00,0
24.0591,24.0590,68,68.00,0
24.0665,24.0664,68,68.00,0
24.0764,24.0762,68,68.00,0
24.0835,24.0834,68,68.00,0
24.0927,24.0926,68,68.00,0
24.0997,24.0995,67,67.00,0
24.1066,24.1065,67,67.00,0
24.1137,24.1136,67,67.00,0
24.1203,24.1202,67,67.00,0
24.1274,24.1272,67,67.00,0
24.1345,24.1343,67,67.00,0
24.1423,24.1421,67,67.00,0
24.1495,24.1494,67,67.00,0
24.1574,24.1572,67,67.00,0
24.1646,24.1645,67,67.00,0
24.1765,24.1764,67,67.00,0
24.1828,24.1826,67,67.00,0
24.1933,24.1932,67,67.00,0
24.2005,24.2003,66,66.00,0
24.2073,24.2071,66,66.00,0
24.2146,24.2145,66,66.00,0
24.2248,24.2246,66,66.00,0
24.2317,24.2316,66,66.00,0
24.2404,24.2402,66,66.00,0
24.2476,24.2474,66,66.00,0
24.2566,24.2565,66,66.00,0
24.2644,24.2643,66,66.00,0
24.2734,24.2733,66,66.00,0
24.2813,24.2812,66,66.00,0
24.2925,24.2923,66,66.00,0
24.2995,24.2994,65,65.00,0
24.3075,24.3073,65,65.00,0
24.3155,24.3153,65,65.00,0
24.3245,24.3243,65,65.00,0
24.3314,24.3312,65,65.00,0
24.3420,24.3419,65,65.00,0
24.3495,24.3494,65,65.00,0
24.3584,24.3582,65,65.00,0
24.3672,24.3670,65,65.00,0
24.3737,24.3736,65,65.00,0
24.3814,24.3813,65,65.00,0
24.3935,24.3933,65,65.00,0
24.4016,24.4014,65,65.00,0
24.4094,24.4092,65,65.00,0
24.4174,24.4172,65,65.00,0
24.4246,24.4245,65,65.00,0
24.4332,24.4330,65,65.00,0
24.4399,24.4397,65,65.00,0
24.4472,24.4471,65,65.00,0
24.4568,24.4566,65,65.00,0
24.4634,24.4633,65,65.00,0
24.4707,24.4706,65,65.00,0
24.4784,24.4782,65,65.00,0
24.4855,24.4853,65,65.00,0
24.4933,24.4931,64,64.00,0
24.5017,24.5015,64,64.00,0
24.5104,24.5102,64,64.00,0
24.5177,24.5176,64,64.00,0
24.5253,24.5252,64,64.00,0
24.5334,24.5332,64,64.00,0
24.5414,24.5412,64,64.00,0
24.5476,24.5474,64,64.00,0
24.5574,24.5572,64,64.00,0
24.5646,24.5644,64,64.00,0
24.5755,24.5753,64,64.00,0
24.5835,24.5833,64,64.00,0
24.5927,24.5926,63,63.00,0
24.6004,24.6003,63,63.00,0
24.6094,24.6092,63,63.00,0
24.6164,24.6162,63,63.00,0
24.6244,24.6243,63,63.00,0
24.6325,24.6323,63,63.00,0
24.6406,24.6405,63,63.00,0
24.6484,24.6482,63,63.00,0
24.6575,24.6574,63,63.00,0
24.6658,24.6657,63,63.00,0
24.6746,24.6744,63,63.00,0
24.6824,24.6823,63,63.00,0
24.6935,24.6933,62,62.00,0
24.7008,24.7006,62,62.00,0
24.7096,24.7094,62,62.00,0
24.7168,24.7166,62,62.00,0
24.7245,24.7244,62,62.00,0
24.7313,24.7312,62,62.00,0
24.7405,24.7403,62,62.00,0
24.7474,24.7472,62,62.00,0
24.7575,24.7573,62,62.00,0
24.7654,24.7653,62,62.00,0
24.7733,24.7732,62,62.00,0
24.7806,24.7805,62,62.00,0
24.7915,24.7914,61,61.00,0
24.7984,24.7982,61,61.00,0
24.8104,24.8102,61,61.00,0
24.8176,24.8174,61,61.00,0
24.8256,24.8254,61,61.00,0
24.8332,24.8330,61,61.00,0
24.8403,24.8402,61,61.00,0
24.8473,24.8472,61,61.00,0
24.8579,24.8577,61,61.00,0
24.8645,24.8644,61,61.00,0
24.8736,24.8734,61,61.00,0
24.8816,24.8814,61,61.00,0
24.8918,24.8917,60,60.00,0
24.8983,24.8982,60,60.00,0
24.9095,24.9093,60,60.00,0
24.9163,24.9162,60,60.00,0
24.9265,24.9264,60,60.00,0
24.9327,24.9325,60,60.00,0
24.9405,24.9404,60,60.00,0
24.9474,24.9472,60,60.00,0
24.9575,24.9574,60,60.00,0
24.9654,24.9652,60,60.00,0
24.9747,24.9745,60,60.00,0
24.9819,24.9818,60,60.00,0
24.9903,24.9901,59,59.00,0
24.9984,24.9982,59,59.00,0
25.0104,25.0103,59,59.00,0
25.0176,25.0174,59,59.00,0
25.0265,25.0264,59,59.00,0
25.0327,25.0325,59,59.00,0
25.0407,25.0405,59,59.00,0
25.0475,25.0473,59,59.00,0
25.0565,25.0563,59,59.00,0
25.0633,25.0631,59,59.00,0
25.0703,25.0701,59,59.00,0
25.0773,25.0771,59,59.00,0
25.0844,25.0842,59,59.00,0
25.0912,25.0911,58,58.00,0
25.0982,25.0980,58,58.00,0
25.1095,25.1094,58,58.00,0
25.1164,25.1163,58,58.00,0
25.1233,25.1231,58,58.00,0
25.1303,25.1301,58,58.00,0
25.1374,25.1372,58,58.00,0
25.1444,25.1442,58,58.00,0
25.1513,25.1512,58,58.00,0
25.1585,25.1583,58,58.00,0
25.1653,25.1651,58,58.00,0
25.1743,25.1742,58,58.00,0
25.1812,25.1811,58,58.00,0
25.1903,25.1901,57,57.00,0
25.1964,25.1962,57,57.00,0
25.2035,25.2034,57,57.00,0
25.2107,25.2106,57,57.00,0
25.2184,25.2182,57,57.00,0
25.2266,25.2265,57,57.00,0
25.2344,25.2342,57,57.00,0
25.2418,25.2416,57,57.00,0
25.2484,25.2482,57,57.00,0
25.2574,25.2572,57,57.00,0
25.2646,25.2645,57,57.00,0
25.2744,25.2742,57,57.00,0
25.2816,25.2815,57,57.00,0
25.2922,25.2921,56,56.00,0
25.2995,25.2993,56,56.00,0
25.3095,25.3093,56,56.00,0
25.3166,25.3165,56,56.00,0
25.3265,25.3264,56,56.00,0
25.3334,25.3332,56,56.00,0
25.3404,25.3403,56,56.00,0
25.3473,25.3471,56,56.00,0
25.3585,25.3583,56,56.00,0
25.3677,25.3675,56,56.00,0
25.3751,25.3750,56,56.00,0
25.3814,25.3813,56,56.00,0
25.3903,25.3901,55,55.00,0
25.3996,25.3995,55,55.00,0
25.4076,25.4075,55,55.00,0
25.4147,25.4145,55,55.00,0
25.4266,25.4265,55,55.00,0
25.4343,25.4342,55,55.00,0
25.4418,25.4416,55,55.00,0
25.4495,25.4494,55,55.00,0
25.4583,25.4581,55,55.00,0
25.4666,25.4665,55,55.00,0
25.4744,25.4743,55,55.00,0
25.4824,25.4823,55,55.00,0
25.4904,25.4902,54,54.00,0
25.4976,25.4974,54,54.00,0
25.5068,25.5066,54,54.00,0
25.5144,25.5142,54,54.00,0
25.5255,25.5253,54,54.00,0
25.5332,25.5331,54,54.00,0
25.5415,25.5413,54,54.00,0
25.5486,25.5485,54,54.00,0
25.5576,25.5574,54,54.00,0
25.5654,25.5652,54,54.00,0
25.5734,25.5732,54,54.00,0
25.5804,25.5802,54,54.00,0
25.5872,25.5871,53,53.00,0
25.5944,25.5942,53,53.00,0
25.6016,25.6014,53,53.00,0
25.6093,25.6092,53,53.00,0
25.6165,25.6163,53,53.00,0
25.6266,25.6264,53,53.00,0
25.6343,25.6341,53,53.00,0
25.6436,25.6434,53,53.00,0
25.6514,25.6512,53,53.00,0
25.6594,25.6593,53,53.00,0
25.6666,25.6664,53,53.00,0
25.6733,25.6731,53,53.00,0
25.6804,25.6803,53,53.00,0
25.6875,25.6873,51,51.00,0
25.6936,25.6934,51,51.00,0
25.6997,25.6996,51,51.00,0
25.7080,25.7078,51,51.00,0
25.7144,25.7142,51,51.00,0
25.7272,25.7270,51,51.00,0
25.7345,25.7343,51,51.00,0
25.7435,25.7433,51,51.00,0
25.7507,25.7506,51,51.00,0
25.7585,25.7583,51,51.00,0
25.7667,25.7665,51,51.00,0
25.7745,25.7743,51,51.00,0
25.7824,25.7823,50,50.00,0
25.7907,25.7905,50,50.00,0
25.7984,25.7982,50,50.00,0
25.8067,25.8065,50,50.00,0
25.8135,25.8134,50,50.00,0
25.8215,25.8213,50,50.00,0
25.8288,25.8286,50,50.00,0
25.8364,25.8363,50,50.00,0
25.8435,25.8433,50,50.00,0
25.8513,25.8512,50,50.00,0
25.8585,25.8584,50,50.00,0
25.8654,25.8652,50,50.00,0
25.8744,25.8743,50,50.00,0
25.8815,25.8813,48,48.00,0
25.8904,25.8902,48,48.00,0
25.8974,25.8972,48,48.00,0
25.9076,25.9075,48,48.00,0
25.9165,25.9164,48,48.00,0
25.9243,25.9242,48,48.00,0
25.9316,25.9314,48,48.00,0
25.9435,25.9433,48,48.00,0
25.9497,25.9496,48,48.00,0
25.9575,25.9574,48,48.00,0
25.9645,25.9643,48,48.00,0
25.9745,25.9743,48,48.00,0
25.9824,25.9822,47,47.00,0
25.9916,25.9914,47,47.00,0
25.9995,25.9994,47,47.00,0
26.0084,26.0082,47,47.00,0
26.0172,26.0170,47,47.00,0
26.0248,26.0246,47,47.00,0
26.0314,26.0312,47,47.00,0
26.0435,26.0433,47,47.00,0
26.0504,26.0502,47,47.00,0
26.0576,26.0574,47,47.00,0
26.0648,26.0646,47,47.00,0
26.0735,26.0733,47,47.00,0
26.0814,26.0812,44,44.00,0
26.0904,26.0902,44,44.00,0
26.0976,26.0974,44,44.00,0
26.1066,26.1065,44,44.00,0
26.1144,26.1142,44,44.00,0
26.1245,26.1244,44,44.00,0
26.1336,26.1335,44,44.00,0
26.1433,26.1432,44,44.00,0
26.1496,26.1494,44,44.00,0
26.1594,26.1593,44,44.00,0
26.1666,26.1664,44,44.00,0
26.1742,26.1740,44,44.00,0
26.1815,26.1814,42,42.00,0
26.1921,26.1919,42,42.00,0
26.1987,26.1986,42,42.00,0
26.2082,26.2081,42,42.00,0
26.2166,26.2165,42,42.00,0
26.2247,26.2246,42,42.00,0
26.2317,26.2315,42,42.00,0
26.2434,26.2432,42,42.00,0
26.2504,26.2502,42,42.00,0
26.2584,26.2582,42,42.00,0
26.2647,26.2645,42,42.00,0
26.2752,26.2750,42,42.00,0
26.2834,26.2832,39,39.00,0
26.2903,26.2902,39,39.00,0
26.2973,26.2972,39,39.00,0
26.3072,26.3071,39,39.00,0
26.3144,26.3142,39,39.00,0
26.3244,26.3243,39,39.00,0
26.3343,26.3342,39,39.00,0
26.3424,26.3422,39,39.00,0
26.3504,26.3502,39,39.00,0
26.3604,26.3602,39,39.00,0
26.3676,26.3675,39,39.00,0
26.3744,26.3743,39,39.00,0
26.3817,26.3816,36,36.00,0
26.3904,26.3902,36,36.00,0
26.3974,26.3972,36,36.00,0
26.4076,26.4074,36,36.00,0
26.4161,26.4159,36,36.00,0
26.4235,26.4233,36,36.00,0
26.4315,26.4314,36,36.00,0
26.4404,26.4402,36,36.00,0
26.4485,26.4483,36,36.00,0
26.4603,26.4601,36,36.00,0
26.4674,26.4673,36,36.00,0
26.4756,26.4754,36,36.00,0
26.4839,26.4837,32,32.00,0
26.4914,26.4913,32,32.00,0
26.4993,26.4992,32,32.00,0
26.5076,26.5075,32,32.00,0
26.5154,26.5152,32,32.00,0
26.5248,26.5247,32,32.00,0
26.5314,26.5313,32,32.00,0
26.5405,26.5404,32,32.00,0
26.5482,26.5481,32,32.00,0
26.5567,26.5565,32,32.00,0
26.5645,26.5643,32,32.00,0
26.5764,26.5762,29,29.00,0
26.5843,26.5842,29,29.00,0
26.5916,26.5915,29,29.00,0
26.5995,26.5993,29,29.00,0
26.6072,26.6070,29,29.00,0
26.6145,26.6144,29,29.00,0
26.6258,26.6257,29,29.00,0
26.6335,26.6333,29,29.00,0
26.6404,26.6403,29,29.00,0
26.6483,26.6482,29,29.00,0
26.6582,26.6581,29,29.00,0
26.6666,26.6664,29,29.00,0
26.6763,26.6762,24,24.00,0
26.6836,26.6835,24,24.00,0
26.6934,26.6933,24,24.00,0
26.7007,26.7005,24,24.00,0
26.7084,26.7082,24,24.00,0
26.7147,26.7145,24,24.00,0
26.7233,26.7232,24,24.00,0
26.7307,26.7305,24,24.00,0
26.7403,26.7402,24,24.00,0
26.7476,26.7475,24,24.00,0
26.7567,26.7565,24,24.00,0
26.7643,26.7642,24,24.00,0
26.7744,26.7742,20,20.00,0
26.7828,26.7827,20,20.00,0
26.7934,26.7932,20,20.00,0
26.7998,26.7996,20,20.00,0
26.8074,26.8073,20,20.00,0
26.8164,26.8162,20,20.00,0
26.8244,26.8242,20,20.00,0
26.8307,26.8305,20,20.00,0
26.8417,26.8416,20,20.00,0
26.8483,26.8481,20,20.00,0
26.8574,26.8572,20,20.00,0
26.8655,26.8654,20,20.00,0
26.8763,26.8762,16,16.00,0
26.8826,26.8825,16,16.00,0
26.8926,26.8925,16,16.00,0
26.8994,26.8992,16,16.00,0
26.9072,26.9070,16,16.00,0
26.9144,26.9142,16,16.00,0
26.9246,26.9244,16,16.00,0
26.9325,26.9323,16,16.00,0
26.9406,26.9405,16,16.00,0
26.9487,26.9485,16,16.00,0
26.9575,26.9573,16,16.00,0
26.9657,26.9656,16,16.00,0
26.9741,26.9740,14,14.00,0
26.9834,26.9832,14,14.00,0
26.9928,26.9926,14,14.00,0
27.0004,27.0002,14,14.00,0
27.0097,27.0096,14,14.00,0
27.0164,27.0163,14,14.00,0
27.0245,27.0244,14,14.00,0
27.0315,27.0313,14,14.00,0
27.0403,27.0402,14,14.00,0
27.0476,27.0474,14,14.00,0
27.0584,27.0582,14,14.00,0
27.0674,27.0672,14,14.00,0
27.0744,27.0742,12,12.00,0
27.0817,27.0816,12,12.00,0
27.0933,27.0932,12,12.00,0
27.0997,27.0995,12,12.00,0
27.1072,27.1071,12,12.00,0
27.1144,27.1142,12,12.00,0
27.1346,27.1344,12,12.00,0
27.1423,27.1421,12,12.00,0
27.1503,27.1501,12,12.00,0
27.1564,27.1562,12,12.00,0
27.1644,27.1642,12,12.00,0
27.1733,27.1731,9,9.00,0
27.1804,27.1802,9,9.00,0
27.1872,27.1870,9,9.00,0
27.1943,27.1942,9,9.00,0
27.2013,27.2011,9,9.00,0
27.2093,27.2091,9,9.00,0
27.2163,27.2162,9,9.00,0
27.2234,27.2233,9,9.00,0
27.2296,27.2295,9,9.00,0
27.2365,27.2363,9,9.00,0
27.2435,27.2433,9,9.00,0
27.2514,27.2512,9,9.00,0
27.2586,27.2584,9,9.00,0
27.2654,27.2652,9,9.00,0
27.2739,27.2737,6,6.00,0
27.2953,27.2951,6,6.00,0
27.3152,27.3151,6,6.00,1
27.3984,27.3982,5,5.00,1
27.4054,27.4053,5,5.00,1
27.4156,27.4154,5,5.00,1
27.4293,27.4292,5,5.00,1
27.4383,27.4381,5,5.00,1
27.4454,27.4452,5,5.00,1
27.4545,27.4543,5,5.00,1
27.4635,27.4633,5,5.00,1
27.4789,27.4788,4,4.00,1
27.4993,27.4992,4,4.00,1
27.5182,27.5180,4,4.00,1
27.5273,27.5271,4,4.00,1
27.5372,27.5371,4,4.00,1
27.5456,27.5454,4,4.00,1
27.5543,27.5541,4,4.00,1
27.5625,27.5624,4,4.00,1
27.5713,27.5711,4,4.00,1
27.5784,27.5782,4,4.00,1
27.5874,27.5872,4,4.00,1
27.5955,27.5954,4,4.00,1
27.6024,27.6022,4,4.00,1
27.6106,27.6104,4,4.00,1
27.6194,27.6192,4,4.00,1
27.6283,27.6282,4,4.00,1
27.6345,27.6343,4,4.00,1
27.6428,27.6426,4,4.00,1
27.6513,27.6511,4,4.00,1
27.6604,27.6602,4,4.00,1
27.6687,27.6685,4,4.00,1
27.6774,27.6772,4,4.00,1
27.6853,27.6851,4,4.00,1
27.6943,27.6942,4,4.00,1
27.7026,27.7024,4,4.00,1
27.7105,27.7103,4,4.00,1
27.7194,27.7193,4,4.00,1
27.7283,27.7281,4,4.00,1
27.7365,27.7363,4,4.00,1
27.7453,27.7452,4,4.00,1
27.7524,27.7522,4,4.00,1
27.7613,27.7612,4,4.00,1
27.7709,27.7707,3,3.00,1
27.7785,27.7783,3,3.00,1
27.7845,27.7844,3,3.00,1
27.7939,27.7938,3,3.00,1
27.8023,27.8021,3,3.00,1
27.8114,27.8112,3,3.00,1
27.8204,27.8202,3,3.00,1
27.8294,27.8292,3,3.00,1
27.8402,27.8400,3,3.00,1
27.8475,27.8473,3,3.00,1
27.8563,27.8561,3,3.00,1
27.8624,27.8622,3,3.00,1
27.8714,27.8712,1,1.00,1
27.8785,27.8784,1,1.00,1
27.8874,27.8872,1,1.00,1
27.8965,27.8964,1,1.00,1
27.9036,27.9035,1,1.00,1
27.9125,27.9123,1,1.00,1
27.9213,27.9212,1,1.00,1
27.9295,27.9293,1,1.00,1
27.9384,27.9382,1,1.00,1
27.9475,27.9473,1,1.00,1
27.9555,27.9554,1,1.00,1
27.9643,27.9642,1,1.00,1
27.9735,27.9733,0,0.00,1
27.9824,27.9823,0,0.00,1
27.9914,27.9912,0,0.00,1
28.0004,28.0003,0,0.00,1
28.0077,28.0075,0,0.00,1
28.0154,28.0153,0,0.00,1
28.0234,28.0232,0,0.00,1
28.0325,28.0323,0,0.00,1
28.0414,28.0413,0,0.00,1
28.0504,28.0503,0,0.00,1
28.0585,28.0583,0,0.00,1
28.0714,28.0712,0,0.00,1
28.0793,28.0791,0,0.00,1
28.0876,28.0874,0,0.00,1
28.0963,28.0962,0,0.00,1
28.1043,28.1042,0,0.00,1
28.1124,28.1122,0,0.00,1
28.1215,28.1213,0,0.00,1
28.1293,28.1292,0,0.00,1
28.1366,28.1364,0,0.00,1
28.1454,28.1452,0,0.00,1
28.1524,28.1522,0,0.00,1
28.1614,28.1612,0,0.00,1
28.1698,28.1696,0,0.00,1
28.1783,28.1781,0,0.00,1
28.1855,28.1854,0,0.00,1
28.1945,28.1943,0,0.00,1
28.2035,28.2033,0,0.00,1
28.2123,28.2122,0,0.00,1
28.2208,28.2206,0,0.00,1
28.2286,28.2284,0,0.00,1
28.2363,28.2361,0,0.00,1
28.2433,28.2431,0,0.00,1
28.2516,28.2514,0,0.00,1
28.2587,28.2585,0,0.00,1
28.2655,28.2653,0,0.00,1
28.2726,28.2725,0,0.00,1
28.2794,28.2792,0,0.00,1
28.2874,28.2872,0,0.00,1
28.2964,28.2962,0,0.00,1
28.3045,28.3043,0,0.00,1
28.3134,28.3132,0,0.00,1
28.3225,28.3223,0,0.00,1
28.3314,28.3312,0,0.00,1
28.3405,28.3404,0,0.00,1
28.3493,28.3492,0,0.00,1
28.3584,28.3583,0,0.00,1
28.3674,28.3673,0,0.00,1
28.3744,28.3742,0,0.00,1
28.3835,28.3834,0,0.00,1
28.3914,28.3912,0,0.00,1
28.3995,28.3994,0,0.00,1
28.4076,28.4074,0,0.00,1
28.4153,28.4152,0,0.00,1
28.4243,28.4241,0,0.00,1
28.4335,28.4333,0,0.00,1
28.4413,28.4412,0,0.00,1
28.4484,28.4482,0,0.00,1
28.4555,28.4553,0,0.00,1
28.4644,28.4643,0,0.00,1
28.4735,28.4733,0,0.00,1
28.4817,28.4815,0,0.00,1
28.4904,28.4902,0,0.00,1
28.4995,28.4993,0,0.00,1
28.5076,28.5075,0,0.00,1
28.5154,28.5153,0,0.00,1
28.5226,28.5224,0,0.00,1
28.5314,28.5312,0,0.00,1
28.5405,28.5404,0,0.00,1
28.5494,28.5492,0,0.00,1
28.5576,28.5574,0,0.00,1
28.5653,28.5652,0,0.00,1
28.5723,28.5721,0,0.00,1
28.5813,28.5812,0,0.00,1
28.5904,28.5902,0,0.00,1
28.5991,28.5990,0,0.00,1
28.6066,28.6065,0,0.00,1
28.6154,28.6152,0,0.00,1
28.6233,28.6231,0,0.00,1
28.6317,28.6315,0,0.00,1
28.6386,28.6384,0,0.00,1
28.6473,28.6471,0,0.00,1
28.6563,28.6561,0,0.00,1
28.6647,28.6645,0,0.00,1
28.6735,28.6734,0,0.00,1
28.6825,28.6823,0,0.00,1
28.6913,28.6912,0,0.00,1
28.6984,28.6982,0,0.00,1
28.7074,28.7073,0,0.00,1
28.7164,28.7162,0,0.00,1
28.7255,28.7253,0,0.00,1
28.7345,28.7343,0,0.00,1
28.7414,28.7413,0,0.00,1
28.7505,28.7503,0,0.00,1
28.7577,28.7575,0,0.00,1
28.7654,28.7652,0,0.00,1
28.7744,28.7742,0,0.00,1
28.7829,28.7827,0,0.00,1
28.7915,28.7913,0,0.00,1
28.7984,28.7982,0,0.00,1
28.8074,28.8072,0,0.00,1
28.8155,28.8153,0,0.00,1
28.8243,28.8241,0,0.00,1
28.8334,28.8332,0,0.00,1
28.8426,28.8424,0,0.00,1
28.8514,28.8512,0,0.00,1
28.8604,28.8602,0,0.00,1
28.8694,28.8692,0,0.00,1
28.8783,28.8782,0,0.00,1
28.8874,28.8872,0,0.00,1
28.8945,28.8944,0,0.00,1
28.9033,28.9031,0,0.00,1
28.9117,28.9116,0,0.00,1
28.9204,28.9202,0,0.00,1
28.9274,28.9272,0,0.00,1
28.9364,28.9363,0,0.00,1
28.9454,28.9452,0,0.00,1
28.9536,28.9534,0,0.00,1
28.9614,28.9612,0,0.00,1
28.9703,28.9701,0,0.00,1
28.9774,28.9772,0,0.00,1
28.9857,28.9856,0,0.00,1
28.9936,28.9934,0,0.00,1
29.0025,29.0024,0,0.00,1
29.0113,29.0111,0,0.00,1
29.0184,29.0182,0,0.00,1
29.0268,29.0266,0,0.00,1
29.0354,29.0353,0,0.00,1
29.0444,29.0442,0,0.00,1
29.0534,29.0532,0,0.00,1
29.0617,29.0615,3,3.00,1
29.0694,29.0692,3,3.00,1
29.0784,29.0782,3,3.00,1
29.0866,29.0864,3,3.00,1
29.0954,29.0952,3,3.00,1
29.1033,29.1031,3,3.00,1
29.1114,29.1112,3,3.00,1
29.1206,29.1204,3,3.00,1
29.1293,29.1292,3,3.00,1
29.1386,29.1384,3,3.00,1
29.1455,29.1453,3,3.00,1
29.1526,29.1524,3,3.00,1
29.1605,29.1603,11,11.00,1
29.1983,29.1982,11,11.00,0
29.2093,29.2091,11,11.00,0
29.2413,29.2412,11,11.00,0
29.2785,29.2784,22,22.00,0
29.2855,29.2853,22,22.00,0
29.2986,29.2985,22,22.00,0
29.3139,29.3137,22,22.00,0
29.3482,29.3480,22,22.00,0
29.3596,29.3594,35,35.00,0
29.3685,29.3684,35,35.00,0
29.3773,29.3771,35,35.00,0
29.3863,29.3861,35,35.00,0
29.3934,29.3932,35,35.00,0
29.4006,29.4004,35,35.00,0
29.4086,29.4084,35,35.00,0
29.4162,29.4161,35,35.00,0
29.4233,29.4231,35,35.00,0
29.4304,29.4302,35,35.00,0
29.4373,29.4371,35,35.00,0
29.4442,29.4441,35,35.00,0
29.4512,29.4511,35,35.00,0
29.4585,29.4583,47,47.00,0
29.4652,29.4650,47,47.00,0
29.4723,29.4721,47,47.00,0
29.4792,29.4790,47,47.00,0
29.4863,29.4861,47,47.00,0
29.5153,29.5151,47,47.00,0
29.5367,29.5365,47,47.00,0
29.5478,29.5477,47,47.00,0
29.5697,29.5699,57,57.00,0
29.5774,29.5772,57,57.00,0
29.5833,29.5831,57,57.00,0
29.6012,29.6010,57,57.00,0
29.6082,29.6080,57,57.00,0
29.6143,29.6141,57,57.00,0
29.6245,29.6243,57,57.00,0
29.6313,29.6311,57,57.00,0
29.6395,29.6393,57,57.00,0
29.6463,29.6461,57,57.00,0
29.6533,29.6531,66,66.00,0
29.6602,29.6600,66,66.00,0
29.6673,29.6671,66,66.00,0
29.6743,29.6741,66,66.00,0
29.6805,29.6803,66,66.00,0
29.6873,29.6871,66,66.00,0
29.6943,29.6941,66,66.00,0
29.7006,29.7004,66,66.00,0
29.7072,29.7070,66,66.00,0
29.7142,29.7140,66,66.00,0
29.7233,29.7231,66,66.00,0
29.7303,29.7301,66,66.00,0
29.7373,29.7371,66,66.00,0
29.7444,29.7443,66,66.00,0
29.7513,29.7511,77,77.00,0
29.7584,29.7583,77,77.00,0
29.7644,29.7642,77,77.00,0
29.7733,29.7731,77,77.00,0
29.7803,29.7801,77,77.00,0
29.7869,29.7867,77,77.00,0
29.7942,29.7940,77,77.00,0
29.8013,29.8011,77,77.00,0
29.8083,29.8081,77,77.00,0
29.8153,29.8151,77,77.00,0
29.8242,29.8240,77,77.00,0
29.8313,29.8311,77,77.00,0
29.8391,29.8389,77,77.00,0
29.8453,29.8451,77,77.00,0
29.8522,29.8521,89,89.00,0
29.8591,29.8589,89,89.00,0
29.8664,29.8662,89,89.00,0
29.8769,29.8767,89,89.00,0
29.8843,29.8841,89,89.00,0
29.8915,29.8914,89,89.00,0
29.8991,29.8990,89,89.00,0
29.9053,29.9051,89,89.00,0
29.9124,29.9122,89,89.00,0
29.9196,29.9194,89,89.00,0
29.9273,29.9271,89,89.00,0
29.9346,29.9345,89,89.00,0
29.9434,29.9432,89,89.00,0
29.9507,29.9505,98,98.00,0
29.9579,29.9578,98,98.00,0
29.9653,29.9651,98,98.00,0
29.9763,29.9762,98,98.00,0
29.9837,29.9835,98,98.00,0
29.9933,29.9931,98,98.00,0
30.0004,30.0003,98,98.00,0
30.0093,30.0092,98,98.00,0
30.0173,30.0171,98,98.00,0
30.0255,30.0253,98,98.00,0
30.0333,30.0331,98,98.00,0
30.0430,30.0428,98,98.00,0
30.0503,30.0501,104,104.00,0
30.0592,30.0590,104,104.00,0
30.0681,30.0679,104,104.00,0
30.0783,30.0781,104,104.00,0
30.0853,30.0851,104,104.00,0
30.0923,30.0921,104,104.00,0
30.0991,30.0989,104,104.00,0
30.1063,30.1061,104,104.00,0
30.1135,30.1133,104,104.00,0
30.1203,30.1201,104,104.00,0
30.1273,30.1271,104,104.00,0
30.1343,30.1341,104,104.00,0
30.1402,30.1401,104,104.00,0
30.1473,30.1471,104,104.00,0
30.1543,30.1541,109,109.00,0
30.1613,30.1611,109,109.00,0
30.1682,30.1681,109,109.00,0
30.1763,30.1761,109,109.00,0
30.1833,30.1831,109,109.00,0
30.1905,30.1903,109,109.00,0
30.1973,30.1971,109,109.00,0
30.2067,30.2065,109,109.00,0
30.2136,30.2134,109,109.00,0
30.2205,30.2203,109,109.00,0
30.2279,30.2277,109,109.00,0
30.2353,30.2352,109,109.00,0
30.2425,30.2423,109,109.00,0
30.2503,30.2501,114,114.00,0
30.2574,30.2572,114,114.00,0
30.2654,30.2652,114,114.00,0
30.2763,30.2761,114,114.00,0
30.2836,30.2834,114,114.00,0
30.2948,30.2946,114,114.00,0
30.3013,30.3011,114,114.00,0
30.3083,30.3082,114,114.00,0
30.3156,30.3154,114,114.00,0
30.3244,30.3242,114,114.00,0
30.3313,30.3312,114,114.00,0
30.3398,30.3396,114,114.00,0
30.3474,30.3472,117,117.00,0
30.3576,30.3574,117,117.00,0
30.3686,30.3684,117,117.00,0
30.3773,30.3771,117,117.00,0
30.3843,30.3841,117,117.00,0
30.3965,30.3963,117,117.00,0
30.4063,30.4061,117,117.00,0
30.4128,30.4126,117,117.00,0
30.4206,30.4204,117,117.00,0
30.4287,30.4285,117,117.00,0
30.4501,30.4499,117,117.00,0
30.4576,30.4575,117,117.00,0
30.4642,30.4641,117,117.00,0
30.4734,30.4732,117,117.00,0
30.4803,30.4801,117,117.00,0
30.4874,30.4872,117,117.00,0
30.4945,30.4943,117,117.00,0
30.5016,30.5015,117,117.00,0
30.5094,30.5093,117,117.00,0
30.5157,30.5156,117,117.00,0
30.5235,30.5233,117,117.00,0
30.5314,30.5313,117,117.00,0
30.5403,30.5401,117,117.00,0
30.5475,30.5473,117,117.00,0
30.5587,30.5585,117,117.00,0
30.5655,30.5653,117,117.00,0
30.5753,30.5751,117,117.00,0
30.5844,30.5842,117,117.00,0
30.5964,30.5962,117,117.00,0
30.6034,30.6032,117,117.00,0
30.6113,30.6111,117,117.00,0
30.6186,30.6184,117,117.00,0
30.6265,30.6263,117,117.00,0
30.6343,30.6341,117,117.00,0
30.6419,30.6418,117,117.00,0
30.6495,30.6494,117,117.00,0
30.6575,30.6573,117,117.00,0
30.6654,30.6652,117,117.00,0
30.6749,30.6747,117,117.00,0
30.6834,30.6832,117,117.00,0
30.6935,30.6933,117,117.00,0
30.7007,30.7005,117,117.00,0
30.7097,30.7095,117,117.00,0
30.7173,30.7171,117,117.00,0
30.7286,30.7284,117,117.00,0
30.7353,30.7351,117,117.00,0
30.7434,30.7432,117,117.00,0
30.7506,30.7504,117,117.00,0
30.7584,30.7582,117,117.00,0
30.7653,30.7651,117,117.00,0
30.7744,30.7742,117,117.00,0
30.7833,30.7831,117,117.00,0
30.7924,30.7922,117,117.00,0
30.7996,30.7994,117,117.00,0
30.8098,30.8096,117,117.00,0
30.8173,30.8172,117,117.00,0
30.8248,30.8246,117,117.00,0
30.8324,30.8322,117,117.00,0
30.8408,30.8406,117,117.00,0
30.8483,30.8481,117,117.00,0
30.8574,30.8572,117,117.00,0
30.8645,30.8643,117,117.00,0
30.8823,30.8821,117,117.00,0
30.8955,30.8953,117,117.00,0
30.9034,30.9033,117,117.00,0
30.9124,30.9122,117,117.00,0
30.9195,30.9193,117,117.00,0
30.9287,30.9285,117,117.00,0
30.9364,30.9362,117,117.00,0
30.9437,30.9436,117,117.00,0
30.9513,30.9512,117,117.00,0
30.9604,30.9602,117,117.00,0
30.9684,30.9682,117,117.00,0
30.9765,30.9764,117,117.00,0
30.9837,30.9835,117,117.00,0
30.9924,30.9922,117,117.00,0
30.9996,30.9994,117,117.00,0
31.0085,31.0083,117,117.00,0
31.0164,31.0162,117,117.00,0
31.0273,31.0271,117,117.00,0
31.0343,31.0342,117,117.00,0
31.0434,31.0432,117,117.00,0
31.0603,31.0601,117,117.00,0
31.0674,31.0672,117,117.00,0
31.0776,31.0774,117,117.00,0
31.0846,31.0844,117,117.00,0
31.0923,31.0921,117,117.00,0
31.0991,31.0989,117,117.00,0
31.1103,31.1101,117,117.00,0
31.1173,31.1171,117,117.00,0
31.1233,31.1231,117,117.00,0
31.1303,31.1301,117,117.00,0
31.1374,31.1372,117,117.00,0
31.1443,31.1441,117,117.00,0
31.1513,31.1511,117,117.00,0
31.1585,31.1583,117,117.00,0
31.1653,31.1651,117,117.00,0
31.1754,31.1753,117,117.00,0
31.1824,31.1822,117,117.00,0
31.1904,31.1902,117,117.00,0
31.1973,31.1971,117,117.00,0
31.2094,31.2093,117,117.00,0
31.2165,31.2163,117,117.00,0
31.2244,31.2243,117,117.00,0
31.2315,31.2313,117,117.00,0
31.2414,31.2412,117,117.00,0
31.2483,31.2481,117,117.00,0
31.2592,31.2590,117,117.00,0
31.2657,31.2655,117,117.00,0
31.2737,31.2735,117,117.00,0
31.2813,31.2811,117,117.00,0
31.2934,31.2932,117,117.00,0
31.3003,31.3001,117,117.00,0
31.3104,31.3102,117,117.00,0
31.3173,31.3171,117,117.00,0
31.3257,31.3255,117,117.00,0
31.3324,31.3322,117,117.00,0
31.3404,31.3402,117,117.00,0
31.3476,31.3474,117,117.00,0
31.3587,31.3586,117,117.00,0
31.3663,31.3661,117,117.00,0
31.3755,31.3753,117,117.00,0
31.3833,31.3832,117,117.00,0
31.3923,31.3921,117,117.00,0
31.3994,31.3992,117,117.00,0
31.4103,31.4101,117,117.00,0
31.4186,31.4184,117,117.00,0
31.4274,31.4272,117,117.00,0
31.4354,31.4352,117,117.00,0
31.4434,31.4432,117,117.00,0
31.4513,31.4511,117,117.00,0
31.4585,31.4583,117,117.00,0
31.4647,31.4645,117,117.00,0
31.4764,31.4762,117,117.00,0
31.4837,31.4835,117,117.00,0
31.4915,31.4913,117,117.00,0
31.4992,31.4990,117,117.00,0
31.5094,31.5092,117,117.00,0
31.5173,31.5171,117,117.00,0
31.5263,31.5261,117,117.00,0
31.5335,31.5333,117,117.00,0
31.5433,31.5431,117,117.00,0
31.5506,31.5505,117,117.00,0
31.5573,31.5571,117,117.00,0
31.5646,31.5644,117,117.00,0
31.5734,31.5732,117,117.00,0
31.5804,31.5803,117,117.00,0
31.5877,31.5875,117,117.00,0
31.5945,31.5943,117,117.00,0
31.6023,31.6021,117,117.00,0
31.6104,31.6102,117,117.00,0
31.6173,31.6171,117,117.00,0
31.6264,31.6262,117,117.00,0
31.6336,31.6334,117,117.00,0
31.6434,31.6432,117,117.00,0
31.6505,31.6503,117,117.00,0
31.6576,31.6574,117,117.00,0
31.6643,31.6641,117,117.00,0
31.6774,31.6772,117,117.00,0
31.6846,31.6844,117,117.00,0
31.6925,31.6923,117,117.00,0
31.6991,31.6989,117,117.00,0
31.7068,31.7066,117,117.00,0
31.7144,31.7142,117,117.00,0
31.7234,31.7232,117,117.00,0
31.7293,31.7291,117,117.00,0
31.7365,31.7363,117,117.00,0
31.7443,31.7441,117,117.00,0
31.7513,31.7511,117,117.00,0
31.7584,31.7582,117,117.00,0
31.7646,31.7644,117,117.00,0
31.7735,31.7733,117,117.00,0
31.7806,31.7804,117,117.00,0
31.7896,31.7894,117,117.00,0
31.7955,31.7953,117,117.00,0
31.8026,31.8024,117,117.00,0
31.8104,31.8102,117,117.00,0
31.8177,31.8175,117,117.00,0
31.8259,31.8257,117,117.00,0
31.8334,31.8332,117,117.00,0
31.8434,31.8432,117,117.00,0
31.8504,31.8502,117,117.00,0
31.8593,31.8591,117,117.00,0
31.8673,31.8671,117,117.00,0
31.8754,31.8752,117,117.00,0
31.8826,31.8824,117,117.00,0
31.8895,31.8893,117,117.00,0
31.8963,31.8961,117,117.00,0
31.9032,31.9030,117,117.00,0
31.9103,31.9101,117,117.00,0
31.9174,31.9172,117,117.00,0
31.9234,31.9232,117,117.00,0
31.9303,31.9301,117,117.00,0
31.9374,31.9372,117,117.00,0
31.9446,31.9444,117,117.00,0
31.9513,31.9511,117,117.00,0
31.9604,31.9602,117,117.00,0
31.9675,31.9673,117,117.00,0
31.9746,31.9744,117,117.00,0
31.9824,31.9822,117,117.00,0
31.9904,31.9902,117,117.00,0
31.9997,31.9995,117,117.00,0
32.0075,32.0073,117,117.00,0
32.0144,32.0142,117,117.00,0
32.0234,32.0232,117,117.00,0
32.0306,32.0304,117,117.00,0
32.0414,32.0412,111,111.00,0
32.0486,32.0484,111,111.00,0
32.0592,32.0590,111,111.00,0
32.0674,32.0672,111,111.00,0
32.0766,32.0764,111,111.00,0
32.0836,32.0834,111,111.00,0
32.0924,32.0922,111,111.00,0
32.1004,32.1003,111,111.00,0
32.1075,32.1073,111,111.00,0
32.1144,32.1142,111,111.00,0
32.1238,32.1236,111,111.00,0
32.1314,32.1312,111,111.00,0
32.1415,32.1413,100,100.00,0
32.1494,32.1492,100,100.00,0
32.1595,32.1594,100,100.00,0
32.1673,32.1671,100,100.00,0
32.1764,32.1762,100,100.00,0
32.1835,32.1833,100,100.00,0
32.1916,32.1914,100,100.00,0
32.1987,32.1985,100,100.00,0
32.2083,32.2081,100,100.00,0
32.2157,32.2155,100,100.00,0
32.2236,32.2234,100,100.00,0
32.2313,32.2311,100,100.00,0
32.2403,32.2401,82,82.00,0
32.2485,32.2483,82,82.00,0
32.2592,32.2590,82,82.00,0
32.2656,32.2654,82,82.00,0
32.2773,32.2772,82,82.00,0
32.2847,32.2845,82,82.00,0
32.2916,32.2914,82,82.00,0
32.2986,32.2984,82,82.00,0
32.3074,32.3072,82,82.00,0
32.3154,32.3152,82,82.00,0
32.3243,32.3241,82,82.00,0
32.3317,32.3315,63,63.00,0
32.3415,32.3413,63,63.00,0
32.3493,32.3491,63,63.00,0
32.3586,32.3584,63,63.00,0
32.3646,32.3644,63,63.00,0
32.3767,32.3765,63,63.00,0
32.3844,32.3842,63,63.00,0
32.3923,32.3921,63,63.00,0
32.3993,32.3991,63,63.00,0
32.4078,32.4076,63,63.00,0
32.4155,32.4153,63,63.00,0
32.4245,32.4243,63,63.00,0
32.4314,32.4312,47,47.00,0
32.4404,32.4402,47,47.00,0
32.4477,32.4475,47,47.00,0
32.4584,32.4582,47,47.00,0
32.4664,32.4662,47,47.00,0
32.4764,32.4762,47,47.00,0
32.4843,32.4841,47,47.00,0
32.4934,32.4932,47,47.00,0
32.5006,32.5004,47,47.00,0
32.5083,32.5081,47,47.00,0
32.5157,32.5155,47,47.00,0
32.5244,32.5242,47,47.00,0
32.5313,32.5311,32,32.00,0
32.5403,32.5402,32,32.00,0
32.5476,32.5474,32,32.00,0
32.5586,32.5584,32,32.00,0
32.5654,32.5656,32,32.00,0
32.5750,32.5748,32,32.00,0
32.5823,32.5821,32,32.00,0
32.5935,32.5933,32,32.00,0
32.6004,32.6002,32,32.00,0
32.6104,32.6102,32,32.00,0
32.6179,32.6177,32,32.00,0
32.6255,32.6253,32,32.00,0
32.6334,32.6332,15,15.00,0
32.6405,32.6403,15,15.00,0
32.6484,32.6482,15,15.00,0
32.6577,32.6575,15,15.00,0
32.6646,32.6644,15,15.00,0
32.6749,32.6747,15,15.00,0
32.6827,32.6825,15,15.00,0
32.6933,32.6931,15,15.00,0
32.7007,32.7005,15,15.00,0
32.7096,32.7094,15,15.00,0
32.7174,32.7172,15,15.00,0
32.7234,32.7232,15,15.00,0
32.7295,32.7293,0,0.00,0
32.7374,32.7372,0,0.00,0
32.7547,32.7545,0,0.00,0
32.7693,32.7691,0,0.00,0
32.8012,32.8010,0,0.00,1
32.8858,32.8856,0,0.00,1
32.9004,32.9002,0,0.00,1
32.9084,32.9082,0,0.00,1
32.9154,32.9152,0,0.00,1
32.9264,32.9262,0,0.00,1
32.9355,32.9353,0,0.00,1
32.9464,32.9462,0,0.00,1
32.9555,32.9552,0,0.00,1
32.9844,32.9842,0,0.00,1
32.9922,32.9920,0,0.00,1
33.0044,33.0042,0,0.00,1
33.0104,33.0101,0,0.00,1
33.0185,33.0183,0,0.00,1
33.0244,33.0242,0,0.00,1
33.0313,33.0311,0,0.00,1
33.0394,33.0392,0,0.00,1
33.0476,33.0474,0,0.00,1
33.0563,33.0561,0,0.00,1
33.0646,33.0644,0,0.00,1
33.0734,33.0732,0,0.00,1
33.0824,33.0822,0,0.00,1
33.0893,33.0891,0,0.00,1
33.0974,33.0972,0,0.00,1
33.1033,33.1031,0,0.00,1
33.1116,33.1114,0,0.00,1
33.1193,33.1191,0,0.00,1
33.1263,33.1261,0,0.00,1
33.1334,33.1332,0,0.00,1
33.1434,33.1432,0,0.00,1
33.1523,33.1521,0,0.00,1
33.1605,33.1603,0,0.00,1
33.1684,33.1682,0,0.00,1
33.1753,33.1751,0,0.00,1
33.1844,33.1842,0,0.00,1
33.1913,33.1911,0,0.00,1
33.1985,33.1983,0,0.00,1
33.2064,33.2062,0,0.00,1
33.2155,33.2153,0,0.00,1
33.2244,33.2242,0,0.00,1
33.2333,33.2331,0,0.00,1
33.2425,33.2423,0,0.00,1
33.2533,33.2531,0,0.00,1
33.2617,33.2615,0,0.00,1
33.2703,33.2701,0,0.00,1
33.2763,33.2761,0,0.00,1
33.2833,33.2831,0,0.00,1
33.2923,33.2921,0,0.00,1
33.3004,33.3002,0,0.00,1
33.3093,33.3091,0,0.00,1
33.3163,33.3161,0,0.00,1
33.3260,33.3258,0,0.00,1
33.3354,33.3352,0,0.00,1
33.3426,33.3424,0,0.00,1
33.3514,33.3512,0,0.00,1
33.3595,33.3593,0,0.00,1
33.3684,33.3682,0,0.00,1
33.3746,33.3743,0,0.00,1
33.3834,33.3832,0,0.00,1
33.3914,33.3911,0,0.00,1
33.3994,33.3992,0,0.00,1
33.4085,33.4083,0,0.00,1
33.4154,33.4152,0,0.00,1
33.4244,33.4242,0,0.00,1
33.4335,33.4333,0,0.00,1
33.4434,33.4432,0,0.00,1
33.4504,33.4501,0,0.00,1
33.4594,33.4591,0,0.00,1
33.4686,33.4684,0,0.00,1
33.4773,33.4771,0,0.00,1
33.4863,33.4861,0,0.00,1
33.4954,33.4952,0,0.00,1
33.5028,33.5026,0,0.00,1
33.5105,33.5103,0,0.00,1
33.5174,33.5172,0,0.00,1
33.5264,33.5262,5,5.00,1
33.5354,33.5352,5,5.00,1
33.5444,33.5442,5,5.00,1
33.5524,33.5522,5,5.00,1
33.5595,33.5593,5,5.00,1
33.5685,33.5683,5,5.00,1
33.5749,33.5747,5,5.00,1
33.5844,33.5842,5,5.00,1
33.5933,33.5931,5,5.00,1
33.6025,33.6022,5,5.00,1
33.6107,33.6105,5,5.00,1
33.6194,33.6192,5,5.00,1
33.6272,33.6270,18,18.00,1
33.6444,33.6442,18,18.00,0
33.7252,33.7250,35,35.00,0
33.7344,33.7342,35,35.00,0
33.7703,33.7701,35,35.00,0
33.7863,33.7861,35,35.00,0
33.8048,33.8046,35,35.00,0
33.8147,33.8145,35,35.00,0
33.8252,33.8250,51,51.00,0
33.8349,33.8347,51,51.00,0
33.8422,33.8420,51,51.00,0
33.8482,33.8480,51,51.00,0
33.8546,33.8544,51,51.00,0
33.8606,33.8604,51,51.00,0
33.8774,33.8772,51,51.00,0
33.8968,33.8966,51,51.00,0
33.9035,33.9033,51,51.00,0
33.9104,33.9101,51,51.00,0
33.9166,33.9164,51,51.00,0
33.9234,33.9231,69,69.00,0
33.9303,33.9301,69,69.00,0
33.9365,33.9363,69,69.00,0
33.9432,33.9430,69,69.00,0
33.9593,33.9591,69,69.00,0
33.9692,33.9690,69,69.00,0
33.9761,33.9759,69,69.00,0
33.9853,33.9851,69,69.00,0
33.9945,33.9943,69,69.00,0
34.0012,34.0010,69,69.00,0
34.0083,34.0081,69,69.00,0
34.0151,34.0149,69,69.00,0
34.0222,34.0220,89,89.00,0
34.0282,34.0280,89,89.00,0
34.0354,34.0352,89,89.00,0
34.0551,34.0549,89,89.00,0
34.0623,34.0621,89,89.00,0
34.0692,34.0690,89,89.00,0
34.0783,34.0781,89,89.00,0
34.0853,34.0851,89,89.00,0
34.0922,34.0920,89,89.00,0
34.0992,34.0990,89,89.00,0
34.1062,34.1060,89,89.00,0
34.1122,34.1120,89,89.00,0
34.1192,34.1190,107,107.00,0
34.1262,34.1260,107,107.00,0
34.1335,34.1333,107,107.00,0
34.1402,34.1400,107,107.00,0
34.1472,34.1470,107,107.00,0
34.1545,34.1543,107,107.00,0
34.1613,34.1611,107,107.00,0
34.1703,34.1700,107,107.00,0
34.1772,34.1770,107,107.00,0
34.1845,34.1843,107,107.00,0
34.1922,34.1920,107,107.00,0
34.2003,34.2001,107,107.00,0
34.2063,34.2061,107,107.00,0
34.2134,34.2132,107,107.00,0
34.2203,34.2201,119,119.00,0
34.2274,34.2272,119,119.00,0
34.2345,34.2343,119,119.00,0
34.2416,34.2414,119,119.00,0
34.2485,34.2482,119,119.00,0
34.2553,34.2551,119,119.00,0
34.2624,34.2622,119,119.00,0
34.2703,34.2701,119,119.00,0
34.2763,34.2761,119,119.00,0
34.2875,34.2873,119,119.00,0
34.2951,34.2949,119,119.00,0
34.3058,34.3056,119,119.00,0
34.3133,34.3131,119,119.00,0
34.3206,34.3204,122,122.00,0
34.3277,34.3275,122,122.00,0
34.3346,34.3343,122,122.00,0
34.3423,34.3421,122,122.00,0
34.3546,34.3544,122,122.00,0
34.3624,34.3622,122,122.00,0
34.3717,34.3714,122,122.00,0
34.3794,34.3791,122,122.00,0
34.3873,34.3871,122,122.00,0
34.3946,34.3944,122,122.00,0
34.4034,34.4032,122,122.00,0
34.4114,34.4112,122,122.00,0
34.4223,34.4221,122,122.00,0
34.4294,34.4292,122,122.00,0
34.4367,34.4365,122,122.00,0
34.4445,34.4443,122,122.00,0
34.4546,34.4544,122,122.00,0
34.4624,34.4621,122,122.00,0
34.4706,34.4704,122,122.00,0
34.4774,34.4772,122,122.00,0
34.4874,34.4872,122,122.00,0
34.4938,34.4936,122,122.00,0
34.5034,34.5032,122,122.00,0
34.5104,34.5102,122,122.00,0
34.5207,34.5205,122,122.00,0
34.5284,34.5282,122,122.00,0
34.5377,34.5375,122,122.00,0
34.5453,34.5451,122,122.00,0
34.5546,34.5543,122,122.00,0
34.5614,34.5612,122,122.00,0
34.5713,34.5711,122,122.00,0
34.5787,34.5785,122,122.00,0
34.5867,34.5865,122,122.00,0
34.5946,34.5944,122,122.00,0
34.6040,34.6038,122,122.00,0
34.6114,34.6112,122,122.00,0
34.6197,34.6195,122,122.00,0
34.6274,34.6272,122,122.00,0
34.6365,34.6363,122,122.00,0
34.6434,34.6431,122,122.00,0
34.6513,34.6511,122,122.00,0
34.6583,34.6581,122,122.00,0
34.6654,34.6652,122,122.00,0
34.6723,34.6721,122,122.00,0
34.6783,34.6781,122,122.00,0
34.6876,34.6874,122,122.00,0
34.6952,34.6950,122,122.00,0
34.7024,34.7021,122,122.00,0
34.7093,34.7091,122,122.00,0
34.7183,34.7181,122,122.00,0
34.7255,34.7253,122,122.00,0
34.7327,34.7325,122,122.00,0
34.7395,34.7393,122,122.00,0
34.7464,34.7462,122,122.00,0
34.7537,34.7535,122,122.00,0
34.7616,34.7614,122,122.00,0
34.7715,34.7713,122,122.00,0
34.7784,34.7782,122,122.00,0
34.7884,34.7882,122,122.00,0
34.7947,34.7945,122,122.00,0
34.8023,34.8021,122,122.00,0
34.8084,34.8082,122,122.00,0
34.8156,34.8154,122,122.00,0
34.8224,34.8222,122,122.00,0
34.8294,34.8292,122,122.00,0
34.8362,34.8360,122,122.00,0
34.8435,34.8432,122,122.00,0
34.8524,34.8522,122,122.00,0
34.8600,34.8598,122,122.00,0
34.8684,34.8682,122,122.00,0
34.8754,34.8752,122,122.00,0
34.8826,34.8824,122,122.00,0
34.8893,34.8891,122,122.00,0
34.8966,34.8964,122,122.00,0
34.9073,34.9071,122,122.00,0
34.9136,34.9134,122,122.00,0
34.9215,34.9213,122,122.00,0
34.9293,34.9290,122,122.00,0
34.9374,34.9372,122,122.00,0
34.9453,34.9451,122,122.00,0
34.9513,34.9511,122,122.00,0
34.9573,34.9571,122,122.00,0
34.9638,34.9635,122,122.00,0
34.9723,34.9721,122,122.00,0
34.9796,34.9794,122,122.00,0
34.9913,34.9911,122,122.00,0
34.9983,34.9981,122,122.00,0
35.0056,35.0054,122,122.00,0
35.0126,35.0123,122,122.00,0
35.0212,35.0210,122,122.00,0
35.0284,35.0281,122,122.00,0
35.0351,35.0349,122,122.00,0
35.0423,35.0420,122,122.00,0
35.0503,35.0501,122,122.00,0
35.0573,35.0571,122,122.00,0
35.0643,35.0641,122,122.00,0
35.0713,35.0711,122,122.00,0
35.0783,35.0781,122,122.00,0
35.0844,35.0842,122,122.00,0
35.0913,35.0911,122,122.00,0
35.0985,35.0983,122,122.00,0
35.1053,35.1051,122,122.00,0
35.1122,35.1120,122,122.00,0
35.1183,35.1180,122,122.00,0
35.1253,35.1251,122,122.00,0
35.1313,35.1311,122,122.00,0
35.1383,35.1380,122,122.00,0
35.1446,35.1443,122,122.00,0
35.1516,35.1513,122,122.00,0
35.1585,35.1583,122,122.00,0
35.1653,35.1651,122,122.00,0
35.1716,35.1714,122,122.00,0
35.1783,35.1781,122,122.00,0
35.1853,35.1851,122,122.00,0
35.1923,35.1921,122,122.00,0
35.2014,35.2012,122,122.00,0
35.2083,35.2081,122,122.00,0
35.2151,35.2149,122,122.00,0
35.2223,35.2220,122,122.00,0
35.2293,35.2291,122,122.00,0
35.2364,35.2362,122,122.00,0
35.2433,35.2431,122,122.00,0
35.2523,35.2521,122,122.00,0
35.2593,35.2590,122,122.00,0
35.2690,35.2688,122,122.00,0
35.2784,35.2781,122,122.00,0
35.2887,35.2885,122,122.00,0
35.2964,35.2961,122,122.00,0
35.3045,35.3043,122,122.00,0
35.3116,35.3114,122,122.00,0
35.3213,35.3211,122,122.00,0
35.3286,35.3284,122,122.00,0
35.3364,35.3362,122,122.00,0
35.3443,35.3441,122,122.00,0
35.3534,35.3532,122,122.00,0
35.3607,35.3605,122,122.00,0
35.3707,35.3705,122,122.00,0
35.3784,35.3782,122,122.00,0
35.3901,35.3899,122,122.00,0
35.3973,35.3971,122,122.00,0
35.4044,35.4042,122,122.00,0
35.4116,35.4114,122,122.00,0
35.4213,35.4211,122,122.00,0
35.4329,35.4327,122,122.00,0
35.4413,35.4411,122,122.00,0
35.4486,35.4483,122,122.00,0
35.4603,35.4601,122,122.00,0
35.4693,35.4691,122,122.00,0
35.4773,35.4771,122,122.00,0
35.4893,35.4891,122,122.00,0
35.4966,35.4963,122,122.00,0
35.5044,35.5042,122,122.00,0
35.5117,35.5115,122,122.00,0
35.5214,35.5212,122,122.00,0
35.5284,35.5281,122,122.00,0
35.5365,35.5362,122,122.00,0
35.5434,35.5431,122,122.00,0
35.5530,35.5528,122,122.00,0
35.5605,35.5603,122,122.00,0
35.5705,35.5702,122,122.00,0
35.5773,35.5771,122,122.00,0
35.5874,35.5872,122,122.00,0
35.5947,35.5945,122,122.00,0
35.6027,35.6025,122,122.00,0
35.6113,35.6111,122,122.00,0
35.6215,35.6213,122,122.00,0
35.6295,35.6292,122,122.00,0
35.6380,35.6378,122,122.00,0
35.6454,35.6452,122,122.00,0
35.6535,35.6533,122,122.00,0
35.6614,35.6612,122,122.00,0
35.6684,35.6682,122,122.00,0
35.6756,35.6753,122,122.00,0
35.6874,35.6872,122,122.00,0
35.6952,35.6950,122,122.00,0
35.7024,35.7021,122,122.00,0
35.7104,35.7102,122,122.00,0
35.7224,35.7222,122,122.00,0
35.7293,35.7291,122,122.00,0
35.7361,35.7359,122,122.00,0
35.7424,35.7422,122,122.00,0
35.7513,35.7511,122,122.00,0
35.7583,35.7581,122,122.00,0
35.7647,35.7644,122,122.00,0
35.7715,35.7713,122,122.00,0
35.7784,35.7782,122,122.00,0
35.7854,35.7852,122,122.00,0
35.7933,35.7931,122,122.00,0
35.8023,35.8021,122,122.00,0
35.8094,35.8092,122,122.00,0
35.8185,35.8183,122,122.00,0
35.8263,35.8261,122,122.00,0
35.8384,35.8382,122,122.00,0
35.8445,35.8443,122,122.00,0
35.8533,35.8531,122,122.00,0
35.8605,35.8602,122,122.00,0
35.8706,35.8703,122,122.00,0
35.8783,35.8780,122,122.00,0
35.8853,35.8851,122,122.00,0
35.8918,35.8916,122,122.00,0
35.8983,35.8981,122,122.00,0
35.9054,35.9052,122,122.00,0
35.9126,35.9124,122,122.00,0
35.9203,35.9201,122,122.00,0
35.9267,35.9265,122,122.00,0
35.9362,35.9360,122,122.00,0
35.9423,35.9421,122,122.00,0
35.9523,35.9521,122,122.00,0
35.9593,35.9591,122,122.00,0
35.9685,35.9683,122,122.00,0
35.9755,35.9753,122,122.00,0
35.9826,35.9824,122,122.00,0
35.9893,35.9891,122,122.00,0
35.9967,35.9965,122,122.00,0
36.0044,36.0042,122,122.00,0
36.0125,36.0123,122,122.00,0
36.0204,36.0202,122,122.00,0
36.0275,36.0273,122,122.00,0
36.0375,36.0373,122,122.00,0
36.0443,36.0441,122,122.00,0
36.0546,36.0544,122,122.00,0
36.0617,36.0615,122,122.00,0
36.0714,36.0712,122,122.00,0
36.0786,36.0784,122,122.00,0
36.0866,36.0864,122,122.00,0
36.0946,36.0944,122,122.00,0
36.1043,36.1041,122,122.00,0
36.1115,36.1112,122,122.00,0
36.1197,36.1195,122,122.00,0
36.1274,36.1272,122,122.00,0
36.1374,36.1372,122,122.00,0
36.1446,36.1444,122,122.00,0
36.1545,36.1543,122,122.00,0
36.1615,36.1613,122,122.00,0
36.1683,36.1681,122,122.00,0
36.1753,36.1751,122,122.00,0
36.1824,36.1822,122,122.00,0
36.1894,36.1892,122,122.00,0
36.1965,36.1963,122,122.00,0
36.2037,36.2035,122,122.00,0
36.2113,36.2111,122,122.00,0
36.2182,36.2180,122,122.00,0
36.2254,36.2251,122,122.00,0
36.2324,36.2321,122,122.00,0
36.2393,36.2391,122,122.00,0
36.2466,36.2464,122,122.00,0
36.2546,36.2544,122,122.00,0
36.2614,36.2611,122,122.00,0
36.2685,36.2682,122,122.00,0
36.2757,36.2755,122,122.00,0
36.2854,36.2852,122,122.00,0
36.2925,36.2923,122,122.00,0
36.3013,36.3011,122,122.00,0
36.3075,36.3073,122,122.00,0
36.3152,36.3150,122,122.00,0
36.3225,36.3222,122,122.00,0
36.3293,36.3291,122,122.00,0
36.3394,36.3392,122,122.00,0
